node_label,node_id
29,0
25,1773
19,1817
6,2428
29,3719
13,4426
15,8214
20,9148
11,1
1,626
31,1347
9,3370
9,5596
11,7451
12,2
15,269
16,790
7,2891
12,6149
20,6523
10,6654
26,6790
9,6997
3,7190
11,7962
1,9377
12,9573
18,10881
12,11574
16,11965
17,12143
8,12472
8,3
3,450
14,979
5,2456
15,2570
29,2670
24,3304
26,3526
30,4726
23,5130
3,5591
6,5889
2,6783
14,6862
21,7020
18,7202
21,7365
1,8267
5,8646
30,9117
26,9119
14,9357
32,10618
5,10688
14,4
12,8486
22,5
25,2980
27,7224
6,8533
1,9578
3,10553
9,11020
15,6
8,407
24,427
11,533
32,694
17,831
8,1048
22,1073
19,1201
14,1235
23,1264
1,1431
2,1496
8,1505
21,1760
2,2084
13,2266
19,2445
27,2491
26,2560
19,2598
32,2693
7,3009
30,3028
21,3725
31,3842
25,4066
27,4325
32,4482
27,4955
3,5145
14,5414
3,5451
26,5552
25,5615
2,5687
11,5851
32,6352
23,6392
29,6448
13,6517
14,6954
30,7265
15,7351
22,7362
19,7523
16,7711
2,7823
5,8363
11,8584
27,9006
24,9092
10,9094
2,9123
21,9291
31,9404
1,9843
13,9977
25,10176
32,10481
8,11286
28,11511
14,11772
11,12135
22,12206
6,12411
12,7
1,474
6,525
3,556
29,1329
19,1771
17,1827
27,1868
2,2264
6,2744
13,2962
17,3059
8,3369
18,3578
28,3654
2,4753
9,5317
5,7077
4,7467
29,7684
4,7960
4,8061
10,8175
29,9343
3,9771
18,10855
24,11000
17,11081
28,11268
14,8
23,124
8,3888
14,4031
28,5667
10,10128
11,10717
15,10808
26,12140
6,9
16,3738
32,5157
18,10
1,4623
7,11
3,3678
28,9872
9,11834
11,12
1,4375
12,8190
8,13
4,3850
15,8643
18,14
32,1646
18,5346
3,6081
24,8709
2,8710
31,11350
6,11588
24,12406
6,15
20,58
20,531
15,846
31,947
3,1336
9,1739
4,1982
18,2070
8,3366
21,3391
19,4069
15,4394
24,4560
14,5431
23,5654
3,6022
15,6299
3,6481
10,6955
18,7465
18,7563
27,7938
18,8066
3,8134
29,8530
9,9294
4,10452
28,11704
14,12176
28,12254
1,16
2,9473
16,17
16,5636
32,10649
18,11041
24,12276
3,18
4,8441
32,19
24,3493
22,6393
14,20
15,467
4,518
5,900
17,1179
18,1280
8,1422
27,1437
4,1620
25,1678
21,1755
21,2235
27,2433
18,2462
29,2644
31,3202
13,3253
11,3258
27,3836
14,4050
13,4155
10,4164
29,4237
12,4332
27,4380
20,4454
15,4900
30,5082
20,5281
6,5367
19,5506
2,5530
21,5569
23,5571
6,5802
6,5833
8,6046
14,6526
32,6772
11,7359
6,7591
21,7683
31,7726
1,7754
6,8028
28,8096
32,8429
19,8476
7,8698
26,8868
32,9022
19,9176
3,9485
28,9774
31,10344
30,10365
16,11040
13,11176
27,11349
3,11398
19,11681
14,11911
4,12003
8,21
5,237
10,312
13,587
12,1156
23,2421
13,2432
22,2449
29,2714
1,2871
21,3677
29,4158
7,4214
17,4275
29,5458
26,5655
24,5777
22,6396
25,6408
11,6455
25,7138
21,7281
9,7765
23,8572
4,9012
22,9258
18,9352
7,9616
9,9917
31,9954
10,9966
16,10979
3,11307
20,11555
29,12219
15,22
10,1518
10,4420
5,9068
7,9783
10,10483
25,11315
4,23
17,823
10,1836
32,5868
10,7271
1,8970
22,9110
3,10071
11,11014
14,24
23,10764
20,25
5,935
27,2416
9,2438
22,3385
1,10456
18,26
21,11374
11,27
2,1517
24,2745
30,6406
31,6662
6,9024
8,11820
8,28
10,421
14,4597
17,4897
3,5624
17,7066
2,7600
13,8371
17,8457
11,9725
13,29
6,2904
13,30
24,832
20,893
3,1100
11,1107
24,1774
30,4429
20,4848
13,6427
31,9349
6,11106
1,31
9,193
7,308
24,1019
7,1033
5,1124
29,1299
15,1346
13,1440
7,1613
29,1655
30,2052
10,2698
14,2774
31,3002
22,3104
30,3216
9,3473
3,3571
3,3691
21,3700
26,4438
22,4612
24,4793
5,4925
13,5036
22,5581
24,5829
26,6245
20,6513
29,6738
26,6741
29,6749
4,7828
18,7986
3,8662
9,8679
14,8712
18,8730
21,8737
21,8759
14,8787
18,8816
30,9007
27,9494
17,9694
20,9812
24,9855
25,10487
22,11078
27,11943
14,11958
16,12409
17,12546
6,32
20,116
29,841
27,3301
12,3750
23,4917
14,7913
9,8990
16,33
10,39
13,225
1,825
13,2516
21,4379
15,5098
30,5413
10,5612
4,5657
12,5882
28,6139
2,6271
7,6345
12,6362
21,7879
31,8898
4,9962
11,34
25,960
18,1989
27,3333
9,3419
23,5318
14,5958
6,9535
17,11214
26,12246
28,35
30,2789
2,6400
12,36
8,5646
14,37
13,7412
20,38
3,892
28,1779
17,2764
12,3101
31,5342
29,5751
7,7214
32,7762
3,7969
18,8728
21,10874
1,11071
22,12166
31,808
26,962
7,1764
25,1960
2,2672
30,3024
7,3338
8,3610
14,3982
32,4192
3,4431
12,5295
2,5688
15,5878
19,8275
16,11028
27,40
6,200
18,322
22,5508
23,7303
30,7750
20,9045
20,9950
4,10795
20,11143
22,11147
22,11368
8,11610
23,11805
12,11935
7,12212
16,41
19,212
32,240
17,292
16,446
7,451
24,557
30,617
7,629
27,646
9,683
8,844
9,1030
28,1099
23,1223
4,1355
2,1543
9,1550
25,1574
24,1694
6,1696
13,1731
11,1931
10,1991
1,2732
1,3322
32,3618
9,3653
23,3697
12,3705
16,3726
6,3997
30,4403
16,4436
23,4452
14,4531
22,4907
15,5042
12,5287
29,5350
9,5524
21,5790
4,5924
18,5998
16,6072
27,6244
21,6317
17,6368
4,6698
14,6752
9,7273
9,7280
27,7367
20,7495
19,7509
27,7804
20,7805
18,7809
4,7810
11,7813
29,7922
19,8337
16,8454
27,8632
3,8894
7,9097
9,9182
24,9245
21,9249
20,9456
21,9691
30,9787
8,9795
24,9908
15,9913
24,10445
19,10945
4,11181
8,11212
22,11372
18,11493
16,11516
31,11563
12,11634
4,11646
17,11651
7,11684
23,11696
3,11789
11,11831
1,11850
32,11855
29,11876
17,11919
27,11944
31,11962
23,11973
3,12039
23,12072
12,12091
23,12099
11,12164
9,12189
31,12289
3,12338
24,12340
23,12387
22,12397
28,12438
30,12471
12,12506
13,12518
14,12555
10,12568
25,42
17,734
27,791
31,1711
8,1742
30,2424
9,5577
9,7421
29,7475
6,9534
25,43
23,915
5,990
16,1243
26,1493
28,2722
27,3549
17,3936
7,5823
4,5923
16,6442
9,6845
27,7200
6,8202
31,9059
23,9242
4,9286
10,10143
3,10962
18,11086
20,11717
28,12505
3,44
14,4156
27,45
10,5744
11,46
4,490
18,1933
8,2400
9,2655
11,2991
31,3080
14,3623
26,3844
24,4224
9,4295
21,4769
9,4833
15,4935
24,5007
24,5660
24,5674
19,5915
30,5992
22,6306
9,6880
1,7900
31,8074
12,8114
18,8499
19,8592
7,8788
21,8813
32,9120
1,9319
31,9370
11,9465
4,9930
17,10336
18,10485
13,11512
27,11808
16,11881
26,12160
21,47
8,149
3,254
9,338
17,576
17,1091
1,1095
8,1846
9,2907
19,3418
6,3482
30,4083
28,4133
6,4910
29,6433
7,7109
24,7175
15,7559
14,8547
12,8585
15,8915
14,9002
11,9235
25,9330
18,9894
27,9960
11,10053
30,10495
22,10793
27,10890
24,10898
10,10920
3,48
26,2502
18,9728
19,9733
11,10275
18,49
26,1761
20,2800
5,2932
32,5399
17,9653
32,50
5,2908
14,3522
7,4073
29,4484
29,4914
20,5913
9,6033
11,7406
1,7650
19,8033
4,8253
19,8374
13,10377
15,10535
17,11798
2,11984
9,12015
8,51
12,328
11,419
2,433
30,521
29,532
13,1055
16,1242
23,1526
32,2268
20,2366
22,2625
17,2992
20,3225
27,3349
31,3565
26,3941
23,3955
27,4663
13,7847
32,8778
6,9619
13,9658
18,10160
10,10184
32,11027
31,11591
25,11771
16,11914
1,52
1,1318
23,2705
12,2816
12,9065
25,53
9,503
9,1016
6,1568
24,3054
32,4814
5,5093
12,5279
22,5483
22,6303
31,6621
16,7582
20,7984
24,8308
7,8693
15,9081
4,9984
6,54
21,1659
17,1828
24,2287
30,4628
16,6487
22,9567
22,55
31,2280
22,4374
23,5712
22,7075
2,10200
3,56
14,11185
10,57
11,181
19,3246
2,4091
11,143
24,1244
13,1870
32,1878
14,3396
11,4819
16,7910
2,8172
2,8307
23,8352
17,8375
6,10640
29,10888
5,11195
22,11266
20,11780
3,12146
6,59
10,481
25,1689
4,2037
32,2333
16,60
26,11533
1,61
18,62
7,63
10,11750
29,64
26,180
12,11113
7,65
18,3327
24,10413
7,66
32,413
2,1884
22,2382
1,2575
4,3492
13,3621
17,4684
9,5467
9,6248
22,6380
31,6693
29,6874
24,6991
4,7291
6,7403
16,7438
8,8591
6,8676
32,8692
1,9154
6,9256
17,10257
8,10969
16,11240
13,11782
2,12201
27,67
20,4370
20,7016
18,8319
26,8851
19,68
20,402
16,1604
20,2000
24,5115
29,10554
4,12547
1,69
5,70
26,1443
31,3827
2,4881
17,5313
3,6467
8,6499
1,6675
11,7446
13,71
32,72
11,10190
18,73
17,1654
19,3240
1,3662
30,4212
20,5220
28,6021
17,7344
8,7777
13,8802
11,11319
26,74
1,297
27,359
13,373
24,774
23,914
17,1137
24,1297
28,1411
10,1632
23,2044
29,2101
27,2422
25,2922
4,3168
27,3281
3,3755
16,3807
27,4159
14,4386
2,4609
11,4742
1,5099
3,5196
8,5545
21,5673
30,5788
25,5797
28,5890
11,6011
4,6219
22,6410
11,6552
30,6948
3,7065
2,7196
21,7506
19,7606
26,7620
16,7766
29,7815
16,8036
13,8038
23,8087
9,8167
16,8916
18,9422
12,9551
32,9602
13,9635
25,9768
1,9793
24,9948
26,10547
3,10637
31,10883
14,11303
1,11311
24,11488
9,12066
11,75
27,492
31,597
21,741
24,876
1,895
23,1070
13,1679
20,1759
16,1787
28,1895
16,1966
32,2246
8,3627
7,4488
8,4903
24,5024
25,5727
19,6231
24,6339
5,6430
12,6651
24,7101
28,7343
5,7807
27,8186
27,9324
18,9411
27,9672
19,9957
27,10059
6,10225
13,11254
25,12130
27,76
5,5489
25,77
17,2259
17,2323
12,2696
1,5232
13,5982
28,8807
1,9027
20,9227
3,9700
8,78
12,2835
27,79
26,682
3,740
32,1058
6,4002
27,4005
27,4061
10,4778
22,8201
22,8281
28,9467
17,9614
8,10760
22,80
22,1907
21,2202
15,2767
16,5419
25,6047
8,11120
1,11310
10,81
20,9549
2,82
22,5254
16,83
2,172
10,1430
18,2492
9,3153
22,3392
12,7176
3,7940
24,9171
11,84
8,128
19,300
6,403
18,522
8,718
28,755
13,2079
24,2228
3,2302
3,2408
14,2846
24,3320
17,3337
29,4060
16,4105
25,4161
29,4343
26,4592
12,4631
30,5396
15,5486
27,5532
32,6495
25,8024
12,8309
8,8417
14,8777
24,8839
11,8928
5,9145
3,9489
19,9738
24,9956
8,10605
4,10792
31,11597
4,11829
16,11904
23,12046
7,12058
19,12109
4,12167
30,12169
4,12399
1,85
14,534
28,86
30,117
7,558
8,735
28,1017
21,1287
2,2056
27,2720
13,2748
14,2798
3,2833
27,4327
6,4858
13,5347
31,7288
8,7418
31,8412
23,9195
16,9318
2,10162
22,10246
19,10264
18,11225
12,11968
25,12031
5,87
16,505
23,625
8,792
16,1530
4,1610
3,2130
14,2138
10,4526
11,4668
9,6811
31,8753
12,8846
3,8982
12,9546
26,9599
5,9607
6,9924
31,9980
18,10066
5,11207
7,11210
16,11819
27,11971
22,88
18,7623
16,9828
9,10075
4,89
28,8908
1,90
9,1797
11,91
23,449
16,2349
27,2666
27,4145
19,7370
8,7513
4,7708
29,7838
17,8009
3,8158
9,9743
19,9932
14,10044
3,10761
24,92
20,130
1,301
10,721
24,1806
7,1998
26,2374
19,2629
29,2715
11,3238
2,4233
5,4829
15,5941
29,6359
6,7233
23,7549
8,8999
29,9458
7,9836
3,10012
23,10193
25,11019
10,11672
26,11725
22,12162
26,12573
29,93
31,6305
13,8948
10,94
1,1325
5,9837
30,95
2,919
14,1786
21,1873
9,2430
7,2616
7,2634
5,2637
18,2848
9,2999
9,3956
1,4389
6,5003
15,6221
24,6447
13,9208
11,10298
30,10508
15,10600
1,11096
23,11514
25,96
27,1110
12,97
19,7719
23,98
11,817
32,1481
1,2176
11,3017
4,3020
30,4695
12,7845
18,7878
18,10334
20,10657
25,99
25,2173
24,6325
11,100
1,255
1,10570
11,101
6,3146
15,102
2,3174
19,103
26,5686
32,8012
1,104
26,1624
22,1921
26,1922
20,2275
2,3698
12,5627
11,10482
12,10831
11,12304
11,105
22,1044
15,1046
9,1047
2,2626
32,2627
27,2850
21,5767
25,6751
19,8016
13,9309
3,11002
20,11197
14,11589
14,12053
26,106
29,3186
16,8077
12,10725
22,107
15,3651
13,108
15,7493
5,109
7,2007
3,2076
6,2724
18,4087
14,4547
18,4901
29,5083
24,5182
8,5266
11,5781
32,6074
9,7027
11,9992
26,10466
30,110
3,3825
13,3992
10,7626
6,9000
32,111
23,1127
19,1471
26,1540
19,2372
2,2840
6,3097
9,3183
16,3222
19,4086
24,4915
21,5515
25,6402
26,6791
26,6917
11,7201
7,7374
12,7844
7,8032
31,8535
19,10098
17,11692
31,11885
27,12508
28,112
24,113
25,724
30,1175
5,1237
2,1934
4,2780
5,3864
25,3948
22,4219
30,4311
12,4782
24,4988
4,5351
20,5354
8,6239
22,6802
11,7522
28,7775
14,9069
4,10169
22,10286
24,10542
11,11066
1,11752
31,12374
10,114
19,199
16,414
8,415
14,461
11,757
32,1056
6,1119
9,1642
4,2081
8,2485
12,2771
8,2934
32,3215
2,3382
6,3440
11,3475
25,3513
9,3746
30,3946
1,4009
31,4040
9,4215
28,4234
12,4390
13,4451
17,4555
4,4906
23,5283
18,5385
3,5429
32,5559
5,5955
18,6241
8,7259
18,7330
28,7479
7,7566
24,7656
4,7734
10,7802
32,7803
15,7808
18,7811
31,7812
17,7814
23,7870
10,7874
9,8241
32,8578
8,8670
10,8773
30,9574
16,9830
5,9896
10,9990
28,10290
22,10682
14,10701
19,10856
7,10960
16,11073
19,11085
11,11102
1,11232
26,11323
29,11356
28,11390
32,11415
21,11517
32,11600
9,11637
20,11647
15,11685
26,11711
19,11797
31,11871
17,11873
28,11942
8,12014
16,12073
3,12104
17,12118
13,12121
19,12178
22,12224
22,12290
14,12294
11,12302
3,12328
1,12346
18,12352
19,12408
19,12455
28,12457
19,12498
12,115
25,2107
15,7219
11,1492
13,8797
14,12283
20,164
1,8004
28,8226
14,8437
19,12005
27,118
31,5794
14,119
2,11134
14,120
17,3734
19,4049
27,7126
3,8037
8,8383
17,11058
17,121
18,122
20,1789
17,3339
4,5846
6,5951
3,7816
32,8397
25,8967
15,11038
24,12024
7,123
26,3632
5,9247
21,9502
13,125
5,6208
17,7992
27,126
23,780
11,903
25,1875
5,2857
12,3043
7,3629
22,3990
31,4812
2,5005
24,6919
6,7251
19,7691
8,8095
24,8141
6,8162
25,8305
27,8338
12,9109
27,9772
26,10056
4,10509
9,11530
17,12492
11,127
2,228
22,288
31,471
15,1134
26,1588
15,2329
10,3137
17,5159
26,5269
3,5574
22,6170
6,7053
10,7494
11,8257
4,8941
11,9403
2,9405
9,10963
29,11406
10,11910
32,129
3,1883
2,3760
26,10389
14,8124
29,131
20,2600
18,4398
6,6782
4,7110
29,10209
8,11309
26,132
27,2474
22,133
19,1844
10,134
32,2591
4,5811
4,5856
2,8512
25,10853
9,135
11,577
3,3336
12,3529
22,3765
4,4481
21,4624
19,4820
14,8452
21,10414
21,136
16,812
14,4079
3,6381
12,8261
2,137
20,6761
17,7161
5,7544
16,8133
24,8348
30,9155
11,10496
14,10613
17,10699
21,11449
14,11605
20,11896
24,138
15,4723
12,7999
32,8105
26,8724
15,139
12,1572
15,140
19,222
32,850
1,1304
32,1690
20,4981
22,8188
15,141
2,7796
24,142
27,170
3,294
12,1053
12,1360
8,1466
27,2157
4,2427
6,2505
6,2852
18,4243
23,4551
26,4741
31,5299
10,5485
18,5526
14,5611
22,5639
17,5679
7,5944
4,6367
29,8401
22,8483
23,8522
28,9521
23,9593
22,9817
16,10116
12,10442
5,10546
18,11274
3,11295
32,195
20,330
15,382
11,539
28,563
10,794
15,840
2,1414
15,1608
32,1855
24,2326
9,2648
31,3209
1,3242
26,3252
12,3259
23,3275
11,3556
18,3906
27,3953
7,3966
8,3986
17,4308
3,4444
30,4583
7,4596
19,4967
10,5510
12,5516
4,5648
13,5920
11,6006
24,6014
27,6058
22,6545
19,6553
4,7285
4,7445
20,7596
19,7612
4,7768
12,7985
27,8089
2,8145
13,8248
21,8265
13,8611
3,8824
31,9362
31,9971
30,10274
6,10681
6,10796
14,10978
9,11046
4,11354
21,11853
27,12037
13,12080
32,12275
31,12297
25,144
10,2307
22,4152
19,9450
32,11632
9,145
23,2633
3,3823
29,5563
9,5762
7,5815
8,6068
3,6505
8,6538
20,8695
23,9407
21,11675
23,12293
22,146
19,2695
20,5826
27,8369
25,10752
2,12329
4,147
28,1785
23,3297
30,3972
9,4126
22,4590
28,5871
1,7117
32,11821
18,148
20,593
31,664
27,943
10,2187
1,2249
23,2564
18,2612
7,4548
31,5152
21,5358
15,8244
19,8370
12,10550
3,12536
10,12550
1,2198
22,4580
29,5423
28,5759
14,150
31,5022
32,151
10,152
21,1157
29,5436
18,153
11,154
25,1230
19,2188
10,9111
11,11723
7,155
8,260
5,800
16,2327
9,3364
28,6614
2,8388
16,9079
27,11348
23,12069
30,156
13,290
2,295
1,344
22,530
3,872
22,1080
19,1132
31,2167
4,2175
18,3167
30,3743
14,3826
6,4323
27,4642
32,4747
16,5221
20,5321
18,5327
26,5401
30,5840
24,6268
1,6412
3,6767
8,7236
9,7275
30,7633
10,7693
24,7707
24,7895
32,8072
22,8130
5,8228
2,8268
22,8624
26,9142
5,9557
12,9595
13,10060
3,10388
15,10645
30,10804
1,10951
29,11351
4,11690
27,12285
28,12344
20,12362
14,12412
13,157
13,3303
11,9989
5,10086
13,11639
13,158
13,3875
22,5407
11,10355
22,159
13,2728
3,4341
22,6365
3,9564
7,10919
24,160
24,1142
1,1514
28,1556
3,2009
13,2196
31,2783
18,4621
10,5400
31,5764
14,8316
14,9699
25,11057
9,11080
1,161
6,1536
22,3408
14,162
17,2181
27,4142
27,12268
30,163
8,2993
16,3568
8,165
30,11403
29,11867
10,166
19,2247
31,167
16,5230
11,168
23,974
16,3545
6,3555
25,4024
29,4692
4,5060
11,5063
7,5072
2,9527
24,9606
20,10072
27,10363
1,11753
21,169
1,375
23,538
2,663
17,1686
18,2811
29,3055
14,3210
25,3422
12,3903
22,3959
22,4421
9,4699
31,5227
9,5695
7,5979
15,6178
19,6635
29,6863
31,7883
25,8490
22,8544
28,8549
28,9277
32,9751
2,9940
30,10015
24,10425
22,11237
25,11477
24,4261
10,171
25,819
15,1893
12,1900
9,2256
32,2446
8,2657
23,3579
24,4574
20,4790
12,5666
13,5886
28,6472
11,6735
21,6857
3,6912
26,7289
8,7639
32,8327
25,8594
32,8830
21,9241
20,9401
28,9652
21,9656
22,9661
26,10046
12,10736
11,11844
18,12042
4,12259
21,12458
10,173
18,2350
1,5030
19,6865
18,6974
9,11440
9,11689
9,12141
28,174
21,942
22,1972
24,7629
32,175
11,7586
27,8328
26,176
18,5970
26,6366
18,7530
17,9113
15,177
6,2757
13,6094
3,178
27,2021
6,8875
15,179
6,544
23,2562
19,3276
27,5778
1,10460
5,10669
27,10747
19,11627
22,4051
3,4272
28,7347
31,8897
31,9028
16,953
20,3248
23,6524
16,8039
30,10136
17,182
9,1259
16,5568
11,7773
26,10426
32,183
26,1890
32,5697
12,9134
29,10372
26,12427
18,184
11,4334
31,5366
8,5522
30,7618
26,8704
8,10776
2,185
20,574
27,186
23,726
23,2233
22,5326
22,5360
22,187
6,5264
9,188
12,881
21,3466
7,6356
29,7031
29,8224
22,10845
8,189
23,906
22,190
1,7407
22,191
2,4400
29,192
16,824
19,878
8,4008
15,194
27,8475
5,5649
8,196
3,3191
6,8820
27,11091
29,197
29,3920
18,4926
18,5070
19,5978
7,6070
23,6774
27,7888
19,9032
11,9149
2,10519
16,11934
8,198
24,7296
24,313
30,425
14,796
24,977
20,1672
15,2517
21,2573
3,3061
2,3277
28,3491
18,3516
28,3730
1,3798
25,4263
30,4387
7,4615
20,4999
27,5052
3,5302
5,5669
12,5689
21,5863
12,5947
2,5964
16,5974
31,6159
13,6438
18,6669
14,7113
20,7448
9,7477
5,7702
18,7818
23,8164
29,8605
6,8722
5,8832
17,8844
9,8945
7,9618
13,9788
26,10039
3,10041
13,10050
19,10674
1,11424
19,11490
6,11893
27,12047
22,12262
11,12531
6,4187
11,10574
23,11366
8,201
27,4892
21,7216
21,202
12,270
3,4493
9,6894
21,6903
7,11779
27,12113
11,203
4,3138
32,6709
16,8589
21,8681
9,9219
23,9766
1,204
3,7631
25,205
14,2010
21,7973
25,206
1,1306
27,207
20,408
22,720
6,765
25,772
1,834
28,851
1,910
27,924
16,958
21,1225
7,1445
18,1807
30,1905
28,2292
25,2293
24,2337
6,2590
28,2658
24,2763
22,2981
16,3532
32,3635
12,3799
17,3975
2,3978
5,4462
30,4512
23,4715
30,4805
30,5086
17,5095
17,5163
20,5257
22,5412
10,5430
20,5831
17,5859
11,6083
15,6211
1,6506
32,6541
21,6844
19,6975
29,7074
16,7125
11,7137
20,7378
22,7460
7,7638
11,7641
12,7701
23,7791
11,7795
24,8165
7,8293
13,8317
28,8415
5,8664
3,8762
26,9087
3,9509
20,9585
10,9597
22,9732
9,9820
19,9868
10,11135
26,11360
29,11420
24,11536
27,11572
28,11899
13,11916
13,11952
25,12063
29,12308
23,12491
12,208
19,5750
30,7090
23,7481
30,9754
20,9807
2,12354
22,209
27,210
14,4007
18,9676
31,211
17,11521
11,218
1,1003
4,1192
20,1298
23,1958
12,2154
7,2479
32,2520
6,2797
4,3227
23,4019
32,4448
32,4786
3,5197
12,7244
24,7574
32,7806
3,7849
4,8586
18,9857
32,10422
27,10646
16,10694
20,11357
28,11645
5,11678
15,12103
10,12222
22,213
13,7959
26,9359
1,12173
14,214
29,5259
21,215
4,1849
9,2497
28,2676
4,3121
14,4889
31,6514
26,8466
14,10360
30,10592
29,12232
25,12456
22,216
28,601
28,4634
25,10449
14,217
28,1427
19,2675
29,3794
15,3892
15,5297
1,5747
29,6521
24,6617
23,9435
10,9919
18,10787
24,11094
24,11990
14,12064
12,12132
28,219
23,633
7,1010
31,1872
4,12469
6,220
24,221
18,3893
4,223
21,10439
11,224
25,560
17,1950
6,2278
18,3963
30,4878
1,5118
5,5558
26,6082
16,6580
20,6832
27,10323
13,11405
11,11930
18,12234
22,1579
29,2943
9,5772
13,6330
10,6387
21,7417
8,8617
32,9385
27,10617
6,11612
4,226
1,1515
30,2136
21,3423
4,3636
19,4132
31,6261
29,6846
3,9036
5,9801
14,227
32,442
5,731
19,1971
26,8400
21,8720
6,9997
20,10382
1,10872
16,1729
5,1770
22,1947
12,2117
14,2224
3,3160
22,3426
2,3884
11,3933
22,4153
29,4434
17,4442
26,4811
29,5085
15,5140
15,5364
32,5537
1,7240
14,7632
28,7742
4,7864
18,8136
10,9229
4,9436
23,9799
28,10988
29,11182
11,11569
1,11611
17,11630
11,12084
17,12095
22,229
1,2930
29,230
3,231
4,1097
19,5425
5,11285
15,232
8,1103
1,233
31,8964
2,11664
29,234
14,814
16,3907
29,235
15,6784
29,8634
25,10095
18,236
14,6077
3,11083
21,238
4,2874
30,4075
18,11991
15,239
31,2534
2,821
26,1128
16,1802
23,2195
27,2309
12,2609
26,2828
30,3383
30,4335
30,4417
12,4676
6,5020
31,6008
11,6183
7,7729
28,8103
24,8806
22,9186
24,11095
6,11391
19,11397
17,12056
24,241
32,291
20,316
12,1462
4,2565
18,4871
30,6173
19,6927
16,7400
31,8011
12,8932
31,11196
22,11437
6,242
11,1937
15,10686
4,11278
9,12559
13,243
15,3072
15,9517
11,10661
26,244
22,887
6,10878
17,245
12,271
30,2143
23,3747
30,10561
14,246
14,1490
30,2549
1,2910
26,3117
1,3200
18,3439
23,3945
20,4738
2,5272
22,5410
31,5907
1,6878
11,7455
5,8631
12,8691
26,9325
8,9533
21,9615
6,10220
23,10376
3,11016
16,11787
16,247
24,4517
21,248
1,249
3,3952
18,9086
24,9336
32,9412
32,11638
5,12501
29,250
1,6250
31,7933
30,8411
19,8968
22,251
17,252
20,253
11,10420
16,504
21,1955
22,6189
21,9371
32,9626
15,9951
28,2391
20,5112
20,10387
18,256
22,9631
4,257
2,847
14,1173
24,1219
2,258
17,259
10,3560
25,4636
17,7306
9,8814
30,8833
14,1338
9,2127
29,7145
11,8743
27,9922
18,10871
28,11013
15,11290
29,11291
12,261
3,6798
19,262
32,2261
3,263
1,5540
27,264
22,469
21,684
13,2568
12,3995
24,4644
14,6147
26,6964
15,7025
16,9096
10,9327
24,9856
8,9907
26,10022
1,10606
5,10623
7,11443
10,12322
1,12358
18,265
4,8282
19,266
14,3709
19,8647
16,267
25,1630
21,1719
2,2706
24,4968
23,5755
2,5946
19,6166
13,6544
23,10030
32,268
25,10805
14,11177
13,314
18,349
29,528
29,955
27,1068
21,1083
4,1322
21,1326
21,1367
9,1400
28,1504
30,1552
10,1602
13,1639
2,1641
28,1664
26,1683
20,1709
12,1721
19,1744
9,1752
13,1871
11,1879
32,2150
15,2219
30,2345
13,2373
5,2395
29,2406
5,2412
18,2510
10,2821
23,2830
15,2844
6,2974
18,3064
3,3083
10,3179
6,3332
23,3343
18,3468
1,3617
21,3717
27,3787
14,3913
23,4092
23,4123
8,4731
11,4762
2,4787
26,4843
19,4941
14,4976
5,5464
19,5541
29,5665
2,5808
32,6107
1,6320
31,6331
4,6335
19,6340
8,6341
26,6404
1,6409
14,6434
11,6444
3,6482
23,6493
17,6613
26,6721
9,6892
18,6900
14,7152
3,7267
32,7310
4,7314
25,7387
7,7440
14,7535
27,7540
1,7585
1,7692
9,7829
5,7977
20,7982
5,7990
7,7993
19,8014
5,8043
5,8189
23,8389
24,8399
13,8426
16,8478
24,8663
27,9015
27,9023
27,9070
18,9203
12,9303
20,9384
26,9402
29,9434
2,9475
28,9562
29,9854
6,9858
21,10052
3,10058
20,10074
16,10213
3,10262
20,10401
24,10458
8,10543
8,10544
28,10572
15,10673
26,10840
1,10859
20,10971
16,11008
25,11010
32,11017
32,11128
17,11222
27,11272
27,11328
11,11339
12,11409
7,11682
31,11774
5,11861
4,11998
32,12230
1,12350
32,12380
6,12386
21,12561
2,1277
25,1723
4,9337
5,272
13,826
28,1188
13,1271
20,1997
23,2429
27,5507
14,5866
24,6867
14,7348
30,7395
16,7767
14,8313
30,8615
32,9382
9,10199
24,10771
11,11220
20,11508
30,273
9,3389
24,4407
2,6657
9,7774
25,8179
1,8893
14,274
13,8200
3,11152
7,11877
17,275
7,1842
20,8470
13,9668
20,9670
7,276
4,2334
14,12198
21,277
27,2384
28,7170
18,9063
11,278
10,6724
15,12062
10,279
18,3003
7,280
21,5178
5,281
5,282
29,360
29,507
6,927
6,1060
21,1831
6,1956
20,2051
2,2529
9,2921
27,3620
19,3919
15,3987
14,4084
31,4346
2,4504
20,4754
2,5239
16,6287
9,7640
29,8707
12,8748
26,10159
7,10394
21,10940
9,11256
17,283
6,284
15,766
5,1539
11,1677
20,1837
2,2864
7,3271
25,4270
8,4744
28,5265
31,5603
27,5822
29,6169
7,6516
21,6601
16,7072
22,7584
2,8222
14,8263
24,8398
22,8430
16,8823
7,8834
30,8855
12,9108
18,9160
24,9722
18,9755
7,9810
1,10161
2,10643
12,10961
16,11111
7,11515
23,11546
3,11865
8,285
29,994
28,4996
15,286
25,460
27,5278
10,6941
22,7970
2,10191
31,287
5,2888
23,6028
1,11154
18,12355
14,1680
22,289
2,6924
21,5478
20,6729
13,8252
7,8255
12,8379
30,10105
13,10976
12,12363
32,293
25,1365
28,1762
6,2319
15,2339
30,2709
14,3856
12,4204
26,4953
29,5039
4,5841
20,6947
6,7127
25,8487
21,9469
4,11117
30,383
12,638
5,993
16,1037
25,1728
26,2151
17,2159
14,3094
14,4545
29,4710
21,5634
26,5737
26,6099
1,6315
6,6378
26,6566
26,6701
1,6871
31,7542
9,7567
31,7709
12,8010
20,8084
24,9072
8,9259
24,9641
12,11149
14,11340
17,11434
1,296
18,1141
14,1217
12,1279
22,5212
29,7401
5,7486
16,8373
13,9731
18,4034
29,4184
10,6225
6,8042
23,8460
4,9643
7,9689
28,298
29,299
1,3758
28,4836
27,9704
9,3073
26,8187
7,9183
28,585
18,1092
15,5078
20,9314
29,9749
29,10353
4,11230
29,12466
14,302
18,1628
8,1769
4,5463
15,6109
12,7010
19,9796
28,11105
30,303
16,3457
5,3732
4,4527
6,4712
8,8302
11,9215
1,304
5,1286
11,2370
28,3854
32,4048
19,4803
22,7021
6,8006
15,9272
7,10629
21,11087
2,11698
3,305
17,6928
6,306
32,1040
30,10634
24,307
8,7779
1,309
6,2969
20,3733
20,5046
2,6095
17,310
3,311
7,710
21,1923
8,2185
15,3679
31,4330
9,7215
19,9685
9,438
5,918
18,1160
28,1457
26,2315
24,3085
10,3476
32,3728
12,5245
11,7017
3,9834
28,11410
17,11866
2,12422
26,319
8,386
9,517
27,623
14,759
28,852
14,1695
15,2639
13,2742
17,2987
21,3221
1,3402
25,4217
3,4383
32,4818
1,4872
22,4924
9,5408
5,5937
7,6348
4,7132
31,7624
30,7932
13,8003
30,8283
10,8362
24,8700
1,9925
6,9995
9,10253
3,10356
31,10427
17,11145
12,11369
26,12051
30,12089
8,12151
8,8453
13,8793
20,8882
24,2508
2,3971
21,5139
17,6283
5,11289
21,315
18,3132
26,11236
29,455
23,2459
32,7608
1,7728
21,10819
30,11157
13,317
18,389
7,2911
5,318
19,2075
12,2617
13,3921
21,5601
11,6116
30,6518
32,9570
5,753
27,1144
7,1520
12,2145
7,2419
27,2897
4,2990
9,4114
16,5963
20,6086
13,6284
4,6740
6,7148
6,7183
1,7872
28,8555
5,8627
1,8649
16,8757
3,9114
14,9413
2,10183
10,10506
19,11048
20,11107
21,12496
32,320
8,5041
32,10026
29,11926
8,321
4,660
23,2241
15,3638
16,5417
30,5637
10,6275
19,6326
6,7695
25,8227
7,8880
18,9158
29,323
12,324
23,4072
29,325
7,2032
28,2642
30,3478
22,7256
31,8540
11,326
23,327
8,1938
30,2968
11,4441
29,4635
29,5462
19,6255
28,8234
25,9472
26,9705
31,11571
16,4196
9,6486
14,7653
13,10436
18,12403
1,329
19,341
10,592
7,1077
5,1309
6,1649
19,1663
28,1751
3,2555
25,2620
23,3204
32,3279
15,3307
22,3500
11,3507
5,3739
29,3895
8,4218
15,4430
25,4716
4,4929
1,5019
21,5117
29,5324
27,5901
20,6026
12,6040
3,6347
2,6496
25,6983
20,7029
2,7061
11,7537
30,8218
9,8889
15,9269
4,9617
27,9862
10,10043
6,10228
19,10588
1,10594
6,12013
2,12075
23,12339
16,12376
6,12396
19,566
24,572
21,640
12,773
28,798
22,815
32,880
24,1166
17,1178
19,1256
3,1300
20,1410
20,1421
28,1600
7,1782
21,2100
7,2229
5,2364
30,2380
22,2551
8,2556
24,2735
32,2739
13,2862
11,3005
32,3232
18,3296
12,3660
22,3774
2,3800
18,3996
9,4004
25,4185
7,4186
20,4309
20,4416
29,4622
19,4680
12,4868
13,4874
6,5209
15,5437
32,5599
25,5714
10,5734
7,6115
14,6188
16,6242
11,6415
11,6557
5,6591
18,6937
2,6938
4,6981
30,7206
13,7218
4,7746
16,7792
25,7794
26,7882
18,7981
10,8102
2,8262
10,8312
17,8330
22,8497
30,8542
13,8858
9,8873
9,8903
25,8935
14,9168
23,9255
24,9503
6,9524
1,9563
31,9576
20,10627
16,10644
9,11054
30,11062
21,11562
26,12341
32,331
24,2200
24,4361
12,332
28,750
8,333
5,827
21,3754
25,4100
14,7875
23,334
2,335
30,11665
13,336
32,1459
10,4764
21,337
9,3812
3,6194
2,8289
32,8500
27,11282
8,11540
32,339
25,340
27,10884
16,3937
1,4038
24,5352
4,6063
27,12489
24,342
28,2611
19,343
4,3791
24,877
26,986
8,1194
12,2441
18,3326
22,5051
3,6187
20,6281
20,7411
15,7611
19,7919
30,7926
3,9476
28,9568
32,10516
5,10599
27,345
26,1331
13,3182
27,4225
19,4687
7,5490
10,346
20,2062
31,7230
14,347
15,1636
22,8303
10,348
1,867
26,1801
1,2047
26,2394
1,5084
13,5972
11,6080
22,6678
15,7689
30,9052
9,350
30,351
17,352
7,1258
1,353
12,6766
6,354
6,1191
6,6454
32,9211
18,355
1,356
19,357
25,1538
10,3173
6,5211
23,9900
24,358
20,2631
13,6132
2,1084
21,940
6,1071
2,2389
14,2599
7,3612
14,8479
24,9710
29,9832
29,9986
22,361
6,7599
27,9916
6,362
12,634
27,363
18,3572
18,364
32,1917
24,3264
17,8576
18,9292
24,9926
3,11891
10,365
2,6895
9,11115
1,366
25,1205
29,2399
13,2402
26,3914
17,3993
19,5438
28,6456
30,7000
26,367
10,2390
22,2778
22,3640
7,4399
11,4745
27,5094
1,6090
17,6906
7,7625
28,7837
2,8025
24,8071
28,8386
25,8574
9,9274
13,9508
16,11376
12,368
22,423
18,575
20,1123
22,1681
10,2901
16,2998
3,5722
4,10602
1,11059
22,11168
31,11216
30,11587
15,369
9,2756
20,370
4,567
15,1014
31,2340
31,3112
15,3570
16,5441
6,6474
11,10031
17,10407
29,10539
6,371
10,3007
6,3929
18,5531
26,10329
17,10340
8,11414
11,372
4,2787
30,1896
21,6054
20,374
32,4425
25,6661
21,6717
21,10497
24,12247
19,378
3,829
32,1000
6,1444
7,1456
14,1682
5,1912
6,2222
29,2973
20,3520
11,3851
8,3857
5,4068
8,4163
13,4396
14,4540
14,4556
31,4604
8,4617
30,4630
6,4994
18,5160
2,5240
3,5275
7,5495
22,5509
3,7921
31,8288
10,8934
24,8966
22,9698
28,10502
26,10832
21,12238
2,376
1,7487
3,9713
6,377
7,699
32,1023
26,6803
18,7279
7,9777
30,9778
26,11969
19,2483
11,3442
7,5996
17,7508
19,8469
4,9880
23,10659
4,12138
5,12245
26,12324
10,379
27,3087
29,3876
9,4729
4,5561
20,9759
30,380
32,4240
14,6218
18,6884
2,381
14,1733
21,4157
8,5927
21,9785
20,10974
1,12309
6,1454
26,9460
30,1273
31,1388
13,1498
9,4148
5,4595
30,7298
27,11757
9,384
21,2001
31,2057
14,7649
14,8053
9,8607
8,11481
10,385
17,3820
11,4572
29,5908
15,6050
11,10601
10,584
1,949
13,1148
24,1312
21,1631
20,1794
12,2104
9,2206
21,2358
18,2473
2,3796
19,3818
17,4017
15,4406
28,4419
21,4466
12,4945
23,5002
30,5315
32,6023
21,6053
11,6172
14,6596
30,6616
18,6672
24,6714
15,6825
29,7430
21,7604
29,7839
8,7909
30,8174
29,8210
20,8387
22,8443
18,8532
7,8536
2,8552
26,8625
28,9189
20,9190
27,9191
14,9192
4,9193
10,9196
9,9358
24,9453
21,9498
31,10231
21,10237
21,10242
20,10269
32,10272
2,10277
18,10567
17,10848
26,10869
32,11076
13,11184
14,11263
28,11363
20,11371
12,11393
25,11425
7,11902
1,12045
10,12292
14,12351
3,12417
3,12520
9,387
22,4677
30,388
23,10995
25,1359
7,2363
31,2916
17,4251
27,4408
30,4433
6,4437
16,6164
18,7466
5,8817
18,8977
3,10838
21,390
11,1240
2,1614
2,1825
24,2236
29,5881
22,7503
4,8131
22,9474
28,10195
4,10587
31,391
10,10562
7,392
1,2335
19,393
29,2463
30,5277
9,6252
21,9859
5,10749
8,12552
6,394
32,3830
5,4909
11,5921
15,10977
22,395
16,396
1,11353
24,397
5,1732
11,3772
25,4767
6,6332
3,398
22,873
27,904
6,12564
12,399
23,9444
10,400
10,667
32,1067
17,1491
11,1712
19,1738
13,3021
9,3378
27,3438
1,3552
13,3703
2,3882
7,4080
12,5059
6,6831
18,8431
27,9666
28,9675
1,9851
27,11172
19,12209
5,401
6,1172
12,2273
11,3781
8,5725
2,5739
6,9953
14,10210
13,10779
28,10791
24,11811
23,12182
28,12197
8,12321
1,12416
14,404
20,11658
9,405
8,1775
21,6089
21,406
10,435
27,4665
1,7441
16,9789
12,1255
27,5057
11,6501
12,9730
22,409
30,3414
17,8516
27,410
10,550
27,10400
2,411
11,8185
32,412
16,6921
24,9824
28,3530
7,3554
15,4646
23,4982
14,5810
15,9206
5,10580
2,1005
24,1685
13,2956
22,3088
13,3454
22,6282
16,6856
13,7369
5,8665
28,9964
8,10462
15,10612
8,12530
29,2041
13,2856
24,6010
23,6925
22,8559
19,8909
25,416
1,2708
19,417
8,3926
25,418
15,6384
15,589
7,1109
6,1257
28,2535
21,2989
10,3480
30,5301
12,5957
22,6647
19,9665
25,12214
12,420
3,2269
5,6440
16,6809
30,7489
12,9410
31,10339
5,4489
9,7114
11,422
29,7676
31,725
32,793
16,1174
23,1233
1,3757
3,3790
31,3890
25,4003
17,4694
13,5174
31,7428
23,10826
9,424
20,7859
32,1159
6,2883
32,3722
22,4619
25,4964
24,5218
1,5954
27,7089
29,7234
16,7841
25,8161
8,8461
15,9333
30,9831
17,10827
25,11344
27,426
15,568
25,10758
11,428
6,992
26,5224
13,11878
4,429
18,1560
30,2191
17,5587
17,7123
20,7628
26,8741
5,9207
20,9583
31,9815
4,11241
9,11431
24,12312
28,430
9,1380
18,5928
24,8796
25,431
11,888
32,432
7,5362
8,6497
16,7498
31,10002
3,11253
30,1341
24,2865
13,3345
4,3702
17,4485
25,4713
8,5852
3,5906
23,6064
24,6118
19,6193
10,6485
18,7669
23,7857
29,9600
16,10942
27,434
6,1821
8,5984
22,7295
14,9752
26,917
13,1208
6,5450
4,11854
12,436
13,437
12,1052
28,3044
11,2542
14,4768
26,5442
3,6001
26,6633
29,9234
20,10434
19,10635
4,11509
22,11957
9,12373
28,439
9,1555
19,4144
13,6322
31,12120
16,440
29,9695
26,441
21,3569
4,7473
15,9077
2,10410
30,491
28,652
8,1835
1,2061
8,2121
20,2242
13,2478
3,2503
31,2559
26,3869
28,3885
2,5222
20,5394
25,5845
21,6743
6,7335
28,8111
10,8115
14,8489
24,8965
18,9220
1,9338
5,9680
17,11395
16,11525
2,12372
10,12479
4,12540
5,443
25,950
6,12511
2,444
20,1983
14,445
3,670
27,4972
1,7326
15,7372
30,11215
32,11933
9,1291
25,3444
1,3481
28,6760
17,9135
21,11657
1,11762
13,11954
31,12092
15,12248
5,447
17,3133
15,5952
9,448
1,5696
31,11386
10,1798
11,4110
3,5374
15,5595
4,11568
9,12067
17,493
23,537
22,804
20,866
18,1745
23,2253
2,2377
15,2606
22,2887
10,2926
8,2976
22,3324
5,3411
25,3543
10,3645
6,3819
5,4029
9,4063
20,4318
10,4509
25,4568
3,5171
18,5389
25,5575
2,5736
28,5867
4,6000
4,6057
11,6136
7,6550
12,6572
27,6628
30,7232
2,7868
14,7923
15,8154
24,8329
16,8339
30,8543
13,8863
26,9038
6,9129
3,9223
31,9313
30,9937
12,10370
4,10393
3,10423
21,10678
24,10783
12,11044
13,11052
27,11136
30,11190
6,11248
28,11472
25,11560
9,11795
32,12052
3,12274
16,452
12,11735
30,453
13,7884
13,454
11,582
28,4510
5,5989
27,6279
25,8026
17,9188
20,1575
31,4294
19,5170
18,5475
28,5925
31,6098
22,6478
30,6568
19,6622
14,8703
9,8944
32,10011
8,10443
6,11370
5,11475
4,11890
31,456
13,1524
4,6357
2,9181
29,457
15,1133
31,1804
9,2713
28,3008
10,4487
4,4857
1,5247
4,5474
29,7740
18,7947
24,10468
27,10846
4,458
10,1573
23,5009
3,5745
31,8861
20,459
22,1101
13,1169
29,4653
21,7917
20,9414
3,462
26,463
24,2353
1,2761
7,464
27,465
2,466
3,984
10,3949
1,980
11,2012
6,9603
10,12119
15,468
7,752
14,1186
12,2277
24,2734
5,2779
6,4231
28,5290
14,5433
28,5653
30,8450
13,8732
16,9290
20,9696
25,10320
13,10545
9,11180
13,2193
15,6810
3,10219
5,11146
16,470
9,1970
32,3551
18,6199
11,7529
10,9628
18,472
22,473
16,3509
28,6041
4,7642
22,9194
9,10663
15,12131
13,1031
14,2755
21,3011
8,4506
28,5891
17,475
6,476
8,4232
1,477
25,944
1,478
13,479
2,5296
14,480
27,482
4,4497
18,4587
10,4950
12,5715
18,6300
27,10785
23,483
27,1041
13,7997
12,8511
10,10032
8,484
16,1864
31,5496
16,9025
30,485
12,11857
29,486
19,5291
19,487
24,1332
4,1916
24,4070
32,5480
4,488
17,2177
1,489
16,11221
19,1606
14,2232
10,2379
22,2524
32,4796
20,4995
2,5142
17,5468
15,5583
25,6838
12,7128
27,7368
5,7903
21,7914
2,8173
20,8177
20,8938
18,9141
18,9308
31,9381
14,9565
4,9651
18,9655
6,11132
7,11623
9,1374
6,2131
10,6491
26,9505
6,12111
26,494
12,5144
20,11931
4,495
2,496
19,4160
23,6960
4,497
4,2376
5,8013
29,11435
15,498
32,3075
1,6087
4,7013
1,8747
20,499
24,2684
19,9417
5,500
23,5633
1,6520
9,7217
8,10664
6,12020
16,501
17,502
12,657
26,1826
11,5175
17,7311
19,7944
23,7995
5,9965
22,6140
25,6683
24,7063
13,8980
28,9300
27,2197
18,2766
25,3084
10,3188
17,3483
25,3583
14,3756
18,3759
12,3970
6,4304
4,4305
17,6768
28,6840
4,7174
26,8463
3,8550
10,8831
9,8887
20,506
22,1803
2,3033
30,508
7,10322
21,509
20,7156
11,9841
11,510
12,801
2,2893
23,5493
8,6507
29,7893
9,511
32,5292
7,7595
25,512
24,513
21,1398
11,514
4,5349
26,6858
15,515
21,516
22,6477
19,776
14,1105
25,1224
29,2593
23,2945
12,3129
18,3883
25,4121
9,5461
24,6085
13,7080
29,7534
3,8723
24,9575
8,10773
5,11193
15,11288
16,12384
2,1146
23,2295
15,3649
8,6180
16,6636
7,7658
29,8108
26,9459
11,9518
23,9943
9,10299
31,10996
12,11275
27,519
13,520
4,608
23,10125
3,1115
15,1523
9,2068
27,2984
24,4424
1,8034
8,9539
21,9649
3,10437
31,11335
29,523
7,11703
13,524
12,3161
8,12348
3,526
27,6823
16,527
18,3377
2,7308
13,10692
12,1042
12,1333
3,1892
20,3050
11,3058
14,3172
14,4032
23,4993
17,6786
5,529
25,5885
32,882
13,936
19,1521
24,2461
13,2781
26,4229
13,5108
16,8318
25,11948
9,2405
23,2467
5,4763
20,5671
31,6702
8,8069
15,12208
14,703
26,2184
16,2272
26,4130
5,4166
27,4415
29,4423
25,5164
5,6292
10,7182
7,7718
27,7833
27,9244
11,9648
20,11671
27,11732
24,11784
7,12419
19,535
5,1432
1,4474
31,5816
20,536
25,3930
7,7515
11,9634
29,540
27,2160
9,3291
5,3740
9,11265
22,541
30,2587
24,7545
16,8436
3,8538
19,9344
13,542
27,1382
23,3105
22,4203
1,10224
18,543
17,8484
12,1036
5,2089
12,2581
4,2896
11,3145
30,3487
8,3708
12,3835
29,4450
28,5839
4,7002
3,7162
6,7685
1,8163
30,8465
14,8675
5,8946
6,9055
4,9845
3,9915
30,10955
20,11036
5,11999
16,12499
32,545
31,546
6,1749
22,2824
32,4103
24,7735
7,9061
11,547
29,8786
18,8862
14,548
8,1467
16,549
22,551
19,552
12,1455
18,3140
22,4704
15,9466
24,10552
23,553
12,554
5,1176
27,1968
18,2451
9,3025
29,3873
15,5847
29,5965
2,6236
30,7588
29,8357
32,11257
4,12336
18,555
31,5190
27,7798
25,8939
10,848
24,1495
10,2822
23,3015
31,3123
26,4235
13,4605
17,4864
5,5971
30,6848
7,7088
20,7222
21,7227
29,7325
31,8256
26,8671
24,10254
17,10847
3,11167
20,12462
31,2511
31,559
21,1811
29,3256
28,3626
21,3904
32,656
13,1324
19,1823
27,2285
6,2920
29,3091
18,4898
16,5162
19,5361
16,5726
9,6274
32,6667
1,7052
14,7140
30,8286
7,8438
1,8485
19,9367
3,9512
32,9571
12,10248
26,10288
16,10383
15,11015
14,12116
15,12191
14,561
3,562
11,1957
9,3350
23,4705
11,8323
22,9531
10,695
5,1783
27,2955
6,4725
23,5903
10,8911
25,9095
6,9842
19,10047
25,10992
6,11341
32,12263
22,564
13,7721
1,565
8,2995
15,4041
1,4199
20,8343
9,707
16,965
2,3611
22,4333
31,4373
16,5161
25,9667
9,10304
24,10861
16,10870
19,896
14,2086
26,2692
24,3412
9,4074
31,5054
14,6564
18,8784
24,9543
20,10211
5,12288
16,1714
26,569
4,2525
6,3878
6,7422
5,8392
13,11468
21,570
5,571
1,8628
29,2183
21,2355
2,2953
19,3124
19,4324
18,4896
11,6936
28,573
10,10215
26,10538
14,10693
23,1948
19,9906
6,1212
31,9184
18,11045
19,1740
17,1985
9,2255
6,3655
22,4350
25,5651
31,6806
25,7015
31,7159
4,8065
30,8278
11,8836
24,8986
2,9332
11,11292
21,11325
23,11365
13,12494
7,578
9,1635
31,7686
17,7937
4,579
8,1544
10,2523
18,580
31,4946
29,7781
23,8524
29,9663
14,11375
10,581
14,891
23,2808
15,3417
3,3897
16,4356
14,6150
28,8655
14,8769
17,954
26,2225
25,3010
9,4798
27,9425
3,10132
29,10271
18,10873
16,12334
3,583
26,3175
14,4650
20,8925
30,586
21,2375
30,644
16,678
19,777
26,1022
7,1281
16,1439
7,1800
16,2017
30,2020
29,2476
31,2574
1,3692
13,3788
12,4138
29,4279
26,4989
29,5328
22,5494
18,5652
6,6119
17,6597
21,6681
3,7094
2,7674
4,7822
5,8408
27,8421
18,8758
25,8812
25,9328
7,9373
22,9762
9,10218
26,10513
15,10865
15,11178
10,11224
22,11433
31,11484
7,11843
19,12011
29,12060
8,12217
31,12286
9,588
4,3604
24,5355
6,11582
25,3707
10,8128
11,9867
9,11209
30,12098
13,590
10,4258
2,5668
18,9254
5,9447
20,591
10,2018
30,6213
26,10746
31,1810
6,2868
19,6449
14,7059
21,8273
29,8410
3,9221
19,9427
4,9806
21,9898
16,11047
11,12553
19,2128
24,2640
14,3170
11,5032
29,10179
7,10676
21,12110
8,594
16,5895
18,11358
20,595
25,857
20,1453
5,2982
30,5862
7,11913
15,596
27,7409
1,10239
14,4367
32,598
20,711
27,3099
20,4678
16,9217
30,599
7,600
19,5298
18,7157
22,604
29,835
5,1248
14,1288
11,1415
16,1747
11,2201
17,2360
4,2471
18,2504
32,2685
22,3057
6,3346
25,4099
9,5061
11,5476
23,5500
16,5756
25,6009
17,6237
16,6269
6,6582
17,7151
3,7587
1,7832
5,7952
19,8290
30,8731
11,8949
5,9353
16,9389
1,9918
2,9987
21,10145
15,10233
12,10491
4,10968
26,11088
29,11103
7,602
11,1963
29,603
29,605
17,1585
21,2569
5,7111
27,606
11,9974
21,607
19,1424
28,1941
4,2171
25,5031
13,6029
7,6603
26,9178
17,10137
25,959
24,1818
28,2338
30,3116
7,6428
29,6509
31,7410
27,7953
11,8176
10,8191
31,8638
4,8658
7,9262
6,10081
15,10897
3,11042
2,11453
32,11727
24,12055
7,609
26,610
3,7107
27,611
13,612
30,3467
31,4792
6,613
10,9049
5,614
31,4014
27,4353
30,5940
22,7315
23,8206
28,10326
29,11691
19,615
26,999
24,616
30,1051
4,2036
22,2064
2,2243
10,3360
28,4515
17,4690
12,5535
29,5748
16,5819
4,6826
3,7153
9,8630
6,8746
29,8860
22,9287
4,9540
27,10440
27,10459
14,10691
32,10754
26,618
8,5386
30,619
15,2635
30,4934
25,8125
12,620
17,621
19,4765
3,5975
15,6904
22,8320
25,8805
16,10549
31,622
20,1647
32,10240
11,11267
17,624
16,2649
15,2677
19,3035
24,3658
20,4354
16,4460
14,4987
23,5384
11,7843
8,9279
4,9470
11,10578
1,11093
12,11258
8,669
16,679
10,744
1,2014
28,2122
27,3125
20,3780
31,3803
9,4821
9,4948
23,5195
24,6532
8,7851
11,7896
24,9004
19,9544
27,9612
8,11767
1,11906
14,10124
32,10499
21,627
29,1791
13,2941
12,8079
8,11005
21,628
15,6945
18,7915
22,10403
27,12533
26,630
5,631
5,4246
27,6419
1,632
31,4059
14,6866
31,9613
7,10966
22,3036
22,5416
31,8879
30,10696
32,11067
23,11499
16,12001
27,650
30,1289
16,1863
9,1915
29,2838
5,3069
6,3494
9,4822
16,8146
13,8821
29,8829
31,9001
30,9770
18,10186
25,11163
24,11583
23,11827
29,12311
18,635
24,636
28,637
31,10386
22,799
2,3093
21,3459
11,639
1,649
18,1656
11,2607
23,5043
2,5741
6,6508
21,7305
18,11474
14,641
17,1401
22,4010
19,642
26,1932
5,643
31,645
23,879
3,2936
29,3131
9,4559
28,10704
21,647
32,648
25,2949
6,3911
23,4011
20,5203
5,6734
12,6754
21,7011
26,7531
23,8495
22,10229
12,11469
1,1559
13,2567
14,4411
7,4528
1,6978
31,651
20,2415
18,4254
21,9180
6,653
11,8168
25,654
5,2747
2,655
28,6313
2,5135
11,9753
23,12177
23,658
10,659
15,2965
28,3595
1,3816
2,4413
1,5035
13,5165
23,6511
27,7617
3,7720
12,9121
7,10541
4,10917
25,661
20,2296
10,2301
25,3178
19,3863
30,4681
10,7867
7,8247
3,9949
21,10503
31,11624
8,11796
23,12421
26,12569
10,662
1,1057
17,1848
32,2411
10,3723
31,4338
28,4717
11,6705
1,8962
29,10742
23,665
23,666
24,5786
25,7254
3,668
30,2493
29,2860
27,2861
18,3625
7,10655
20,10765
4,951
4,4932
29,9297
10,12007
7,1111
18,1167
9,1292
15,1508
8,1945
2,2087
24,2291
8,2357
19,2439
24,2468
18,2526
17,3268
19,3387
28,3574
17,4137
16,4320
18,4378
8,4830
7,4845
11,4902
10,5017
4,5201
8,5370
5,5635
21,5719
14,6018
24,6113
25,6121
17,6160
21,6227
2,6333
24,6457
6,7193
10,7323
6,7453
14,7525
12,7966
29,8045
21,8062
31,8548
20,8608
7,8672
15,8727
7,9213
3,9278
32,9400
22,9538
20,10158
7,11538
28,11593
31,11754
17,11960
32,11970
7,12009
22,12319
21,12349
20,12464
13,671
13,672
5,2794
2,673
15,5251
28,674
7,675
25,12313
1,676
20,1476
5,7069
30,11411
9,677
3,680
17,1914
15,2858
17,5149
24,7848
17,8685
17,10121
13,10126
5,681
23,10609
9,1161
4,4220
8,8587
8,1509
10,2212
29,2257
29,3519
30,5028
10,8156
9,2248
3,2731
11,6718
24,685
31,686
18,3395
16,6547
31,11123
6,687
21,688
29,1805
14,3586
23,6570
14,8826
29,689
8,1234
5,3026
14,5838
24,9775
18,12136
19,690
15,10307
26,691
23,6469
22,6915
2,692
1,5432
19,693
30,739
31,2211
29,2213
7,2300
1,2710
7,3311
30,3969
31,3983
25,4600
14,5101
30,6205
30,6361
2,6439
26,6966
12,7239
24,7780
7,8301
9,8433
31,9536
12,9608
23,9790
23,10276
29,10492
10,10697
5,11742
22,3254
32,7055
27,696
23,3448
1,3562
14,4368
20,10551
31,697
10,698
26,6722
32,7853
17,700
24,7095
31,701
9,702
5,769
28,1657
7,3335
6,4230
22,5818
19,6146
29,8464
29,10300
28,11012
28,11601
8,11743
18,12369
18,981
4,2725
28,10628
23,704
25,12476
28,705
17,706
16,9398
28,2074
31,5698
3,708
26,5021
8,709
29,1718
26,8566
24,5983
20,7194
24,8242
1,10625
24,11345
20,8367
8,8971
29,712
9,10230
26,713
26,8046
5,714
22,7752
21,715
12,4503
7,11280
6,716
16,717
3,1268
28,10324
8,11327
30,11494
13,11710
24,719
25,2775
11,2870
27,3592
19,6543
19,8090
23,8416
12,8867
11,9967
11,1246
4,2023
12,5103
3,8106
23,10763
19,722
32,2689
31,723
13,2700
25,4728
4,7146
2,11908
13,1021
16,3749
9,4567
19,7165
31,7464
11,9166
15,1215
7,2643
8,6216
27,9365
30,9471
32,727
6,2726
24,7084
19,728
25,4936
15,7521
31,729
3,730
26,6923
2,8914
14,10603
28,11643
24,732
1,2630
27,10471
23,733
13,8616
20,1349
27,1856
14,2947
32,3608
10,3908
22,4355
18,4505
8,4921
32,6185
1,6606
15,6697
8,6850
28,6949
12,7229
8,7327
1,7388
4,7547
26,7927
26,8350
19,9124
24,10104
28,10287
12,11491
26,11626
10,2092
8,11029
17,736
10,7576
3,10006
8,737
23,738
22,1342
3,3797
4,3944
22,7376
12,9418
26,9677
8,9886
20,10621
26,11173
8,1413
2,2548
1,4598
3,5238
14,5420
8,742
4,743
18,1528
1,745
29,2842
4,746
25,747
25,5488
16,748
18,908
3,9703
23,749
3,10772
13,751
26,3006
11,3628
3,5848
15,7337
13,7342
6,8600
4,4777
24,6563
31,754
11,8869
12,10453
24,11580
19,756
13,758
25,7555
21,934
27,4089
32,5670
24,760
12,3974
1,761
20,762
15,7609
25,763
13,764
30,1615
11,2818
15,5236
21,7666
14,7690
27,5664
14,5935
24,6905
29,6958
29,9773
4,11264
3,767
32,768
28,4098
2,1537
11,4140
7,4919
26,6423
29,6645
20,8419
18,8835
18,9620
14,10103
18,11457
9,770
26,771
18,8742
29,10368
8,5842
11,1944
9,4300
6,5682
21,2513
24,2951
27,4841
2,5023
18,10914
8,775
26,6641
15,12237
5,1554
30,2664
17,7863
4,8609
25,9342
19,9681
15,9823
32,10486
12,12470
12,778
20,4978
30,779
29,3961
2,7570
15,1290
6,3280
27,11158
32,11616
3,781
3,4001
10,782
11,6039
9,783
31,1096
3,2927
3,4180
1,784
20,785
11,786
27,787
3,4000
15,12187
24,788
20,789
19,11976
17,1340
6,5884
1,6660
17,6970
18,7461
13,7739
4,8992
15,11924
10,3049
6,3841
29,6977
15,8000
1,11695
29,11733
17,11884
3,1369
7,1799
28,2777
12,3165
5,7006
30,8996
14,9162
6,12445
18,2123
24,4369
32,5783
21,6935
7,8626
23,12301
8,5404
25,795
8,4409
13,6223
26,9864
24,10880
31,11203
6,2105
27,3347
13,4446
16,4756
1,5586
9,6204
30,7619
1,9928
5,10348
15,12273
4,797
11,9878
10,11201
15,6820
16,802
8,5619
29,11009
22,11043
26,803
20,1758
21,7269
14,10328
26,1964
12,2367
21,2863
19,4499
19,7091
2,10309
12,12050
10,805
32,806
18,807
5,3068
13,809
1,2736
6,810
22,4317
31,811
6,12415
27,813
13,3553
10,9179
6,2260
23,2528
24,9064
21,816
30,1168
20,1313
11,2721
23,3213
8,3544
32,3639
4,5567
2,7675
11,7991
25,8973
21,10330
30,11226
26,12430
32,818
8,3577
26,6592
18,7056
13,7188
6,820
18,3229
18,3469
27,5307
17,7771
24,10065
21,822
29,7204
1,5718
26,6528
19,11809
25,12122
15,5443
17,6555
12,6576
25,8507
7,10378
20,11476
25,828
11,10178
22,11246
4,11852
4,830
10,1839
1,2906
30,4885
9,5757
9,8590
23,8901
27,9952
22,10174
29,3460
13,5608
7,9988
24,11206
29,833
31,6764
13,2803
25,4273
31,4701
7,5645
12,6824
23,9516
22,9461
28,836
3,837
15,2331
3,4894
23,838
7,839
14,4042
12,12326
10,883
17,1361
22,4585
11,8660
14,11461
31,11953
19,4287
5,5333
25,842
9,1327
1,843
5,3670
16,845
25,6246
1,7099
14,8848
5,8853
26,11864
13,7284
12,1535
5,4459
4,2694
1,3721
32,5179
7,6091
15,8847
3,12270
29,849
21,1571
16,2876
9,5716
30,6950
32,7079
30,7941
8,8225
14,8563
28,9662
27,11118
18,4250
20,11929
3,2381
19,853
25,6781
19,7048
12,10626
25,11659
32,854
16,855
18,1988
13,8251
28,856
22,5037
16,10092
28,858
22,10078
22,859
10,860
24,861
19,3783
31,862
7,863
27,970
28,5752
7,6167
24,864
4,865
21,1851
20,3066
31,7394
6,10093
8,3789
2,4321
25,10114
32,868
20,5365
4,9263
24,9448
20,11713
20,869
9,5503
32,870
15,7178
31,871
15,4838
10,6316
20,2083
5,2271
20,2608
12,4055
23,4278
18,4709
19,4842
18,5789
14,6887
26,6972
9,8472
18,8708
14,9301
29,9449
16,9927
19,10346
4,11245
18,11250
12,12453
3,874
6,875
15,2645
26,8828
25,1595
3,3472
3,7696
25,8310
17,2845
2,6598
8,9281
27,1765
22,2970
12,5376
14,5528
1,6584
2,7051
32,8055
19,9317
19,11175
14,884
13,885
28,1488
31,886
26,2111
25,3489
15,8872
13,10112
28,10590
32,11863
24,11886
30,12023
6,12071
6,12157
24,1617
30,2667
9,2701
27,3607
22,3671
25,4190
28,4991
29,7647
19,8531
17,9237
9,9736
1,10755
18,11564
11,11631
1,11848
5,7577
30,889
14,4043
17,890
25,1558
13,2239
10,7532
18,10350
27,10958
22,6699
13,2344
27,1307
13,6145
11,8192
32,11500
19,894
2,1611
30,2026
27,2498
28,2515
20,3619
20,3782
24,5631
17,7507
7,8553
8,9240
25,12443
8,3223
25,7044
4,9062
8,897
29,1465
1,4228
22,8804
14,9396
26,10724
2,898
23,3415
11,899
28,901
12,2996
23,6346
23,6922
25,7482
2,8054
23,902
11,1319
3,2918
20,3779
6,11705
31,1267
8,4252
25,905
22,1043
25,1394
31,1702
30,1746
17,2690
6,3041
23,4102
21,4808
14,4809
20,5058
21,5477
3,5550
1,5656
14,7197
4,7226
23,7247
24,8501
32,8534
3,8661
15,9125
23,9835
27,10113
16,11988
13,12391
6,907
19,7743
1,8324
12,909
18,911
9,3098
4,912
7,2011
1,5943
3,8622
5,8718
18,913
9,9169
27,3394
6,4973
22,7998
14,916
26,2234
25,1722
14,9340
8,9468
29,1598
5,2603
32,3180
28,3535
8,4913
15,7181
19,8603
2,10947
31,11860
32,12299
8,920
17,5457
32,8913
19,921
2,9350
8,9863
23,11137
9,922
9,3150
25,4534
14,6746
26,10374
1,923
8,1008
31,1662
23,1727
22,2148
25,2369
15,2407
4,2418
32,2464
11,2889
8,3158
31,3289
7,3456
15,3924
13,4306
26,4530
17,4702
11,4971
25,5953
25,7116
28,7854
24,8306
11,8360
30,8840
32,9406
1,10435
7,10441
9,11324
25,11337
20,11607
2,11676
26,925
28,4112
1,5454
17,11408
17,926
25,1094
32,6304
20,7317
24,928
11,2221
28,6220
23,11421
17,929
11,930
4,931
10,932
28,5861
15,8157
3,8237
20,10970
11,933
26,3498
30,4951
8,1229
26,1502
31,1503
15,1592
2,4904
24,6328
2,11654
4,12402
17,937
29,938
4,939
2,2321
13,1177
28,1483
1,1634
1,1648
20,1843
11,2284
28,2500
10,2723
28,3334
7,3443
14,3773
6,4201
2,4496
28,4513
8,4746
21,5089
7,5091
2,5343
19,5393
14,5422
28,5638
17,5774
28,5870
30,5976
8,6314
30,6398
1,6421
25,6458
26,6720
4,7172
26,7352
7,7660
32,7769
27,7785
7,7930
19,8322
6,8326
3,8413
29,8791
2,8888
10,9085
10,9395
8,9632
11,10127
6,10738
16,10775
32,10790
12,11534
18,12002
19,941
26,2994
13,10411
3,2313
22,11035
10,2106
10,2730
19,2872
11,5519
3,6446
13,6640
14,6985
28,7366
19,8269
13,8640
23,9354
26,9380
32,9584
28,9590
29,9686
28,9838
30,10061
6,11179
6,11284
5,11520
17,11716
11,12086
20,12296
17,12504
23,945
5,1961
3,3630
17,946
18,3065
6,948
6,11761
28,1049
15,5849
24,952
6,1880
18,1228
4,1850
19,1906
14,3751
23,6157
32,8895
4,11642
17,8057
31,9972
32,12093
13,1767
26,2691
29,2967
19,3293
31,4071
1,4256
4,5189
10,9537
21,956
20,969
1,957
26,5597
23,5753
17,11513
11,2882
28,4962
22,5403
6,6890
11,11124
14,1587
11,3353
28,6638
18,9892
30,961
9,8331
8,963
30,1316
13,5276
24,8492
29,964
12,2823
5,2925
22,3474
8,4026
23,6025
21,3354
9,966
27,6755
31,8435
30,967
15,2760
32,11381
23,968
5,2470
16,3051
1,5038
1,2435
6,4113
7,971
12,1006
19,2553
18,6952
7,972
5,973
16,1995
16,5570
12,1262
13,975
28,1881
4,976
9,5987
8,1034
8,1305
31,1580
15,1994
31,2851
20,2944
24,3550
26,3831
19,3957
21,4188
8,4277
18,5678
11,6677
13,7457
2,7715
12,7716
13,8837
7,9683
18,10170
25,11031
26,11049
4,11785
31,12253
30,12261
19,12480
15,978
10,3968
32,5335
11,4253
13,4337
8,4736
18,4888
21,5445
7,5553
32,5582
20,6688
27,7434
24,8170
13,8744
13,8988
12,9929
20,11055
30,11109
23,12043
1,3312
32,4129
2,4557
14,8612
6,9463
20,9844
6,10166
31,10511
24,12218
4,2049
29,2055
10,982
19,2948
6,983
9,2053
29,5877
19,6144
17,6605
14,8166
7,8382
23,9284
14,9769
27,10454
17,12565
5,985
7,2663
30,6310
17,7704
27,9580
28,1181
7,1516
27,2050
27,2596
9,2929
8,5592
32,6084
28,6349
13,6371
31,6896
19,7510
17,7988
27,8031
29,8621
4,8780
32,9839
6,10528
32,11112
19,987
22,988
14,989
25,1412
13,1497
27,1551
19,1668
30,1952
32,2133
26,2458
28,2654
16,3585
20,3837
23,3853
23,4211
15,4801
17,5252
31,5754
23,6093
17,6106
27,6270
4,6643
16,8239
14,8508
20,9748
10,9798
10,10285
24,11074
10,11554
16,12500
23,991
28,7124
6,2552
5,7270
21,10144
18,10281
32,11529
8,2141
16,995
31,2447
1,996
11,8153
15,8238
21,997
1,11419
6,11947
3,998
18,4714
4,6980
26,9433
3,4291
30,11859
29,3288
18,1001
12,1002
17,6203
27,1004
22,1203
8,1385
5,5056
5,7211
31,7334
1,10373
10,10472
3,2829
21,1007
28,1670
2,2940
28,4119
11,7106
1,7491
28,8243
22,9424
16,1009
17,3427
23,2118
21,3000
20,6168
8,8271
24,11283
13,1011
10,11394
22,11507
9,1012
27,1013
2,9885
26,11320
22,1029
23,1015
1,2071
26,2210
28,4957
31,10428
26,11160
5,5701
2,6801
15,8689
1,8822
3,10395
10,12035
12,12144
4,1018
6,6128
1,8601
19,1108
23,6527
23,7614
8,1020
10,8447
30,3004
32,4606
22,4674
8,8434
22,1039
31,4478
3,1024
23,6418
24,7655
24,1025
13,1026
24,5012
18,8001
9,1027
23,2682
12,10720
14,1028
24,2330
26,4887
14,6004
27,8184
4,11836
25,3766
31,11542
10,1032
26,3318
18,6464
32,7383
16,12532
25,1035
9,4365
14,6653
24,9226
31,9457
22,1038
13,5016
29,7514
24,1882
3,2060
21,6756
16,7485
16,1045
13,6233
1,7131
25,8100
3,10665
12,2624
6,3680
27,9019
6,4689
19,9041
22,1050
9,11219
12,12495
21,4362
19,7221
5,10204
6,11079
18,2878
21,6176
31,6753
26,8254
2,8734
22,1054
25,5770
24,6065
3,9146
22,11532
15,11806
6,12528
10,1924
30,3190
22,4658
22,6539
31,7171
14,12437
25,1088
10,1187
19,2618
20,3931
16,7379
6,8471
9,9484
25,10716
17,10991
30,11875
11,12410
22,1059
3,12542
28,1061
10,1062
1,4179
22,4236
12,5918
23,6684
15,12529
3,1063
25,2892
4,5107
18,9101
31,1064
13,6389
16,10593
20,1065
3,1066
14,6849
1,2303
27,10566
24,1069
20,11331
14,1072
7,3502
25,1074
23,4862
31,9084
10,1075
20,1076
10,1482
32,3012
23,5629
6,6401
10,11840
23,3410
27,3912
22,5875
13,7147
10,8557
25,1078
6,2518
13,5864
10,7300
4,7737
25,7824
25,1079
24,7447
27,8356
6,1081
24,2733
22,12507
29,1082
12,2238
3,5113
4,9295
5,12526
26,1085
3,1086
15,8785
14,1087
12,1753
14,6957
4,1089
17,2440
23,2579
27,12154
12,12155
13,1090
8,7751
21,8924
5,10361
13,1093
2,1596
15,6374
17,2088
26,3110
7,3278
8,4591
21,10189
13,5155
32,1396
10,1583
10,1625
11,1638
13,1901
13,2231
16,2298
7,2738
16,3713
30,3843
20,4807
27,5062
11,5939
24,6424
12,6788
2,6819
18,8017
24,9056
14,9082
25,9391
12,9625
19,9893
6,9923
13,10295
1,10852
23,10893
7,11273
8,11306
30,11561
28,12503
20,1098
30,3233
5,1314
29,2320
9,7443
18,8987
10,10815
24,2140
24,4302
25,6156
21,9138
12,10565
20,11400
32,1102
3,3257
31,9499
1,9975
20,11897
22,1104
15,1777
13,8285
2,12096
2,1106
18,1125
15,3950
2,4247
9,10989
22,2022
9,2601
6,2913
17,3737
28,4208
4,4498
22,7408
25,7536
12,8008
8,8560
3,8933
4,8960
32,10205
28,2719
24,1112
11,3420
15,8119
24,1113
14,1114
14,4711
25,6626
1,11804
4,1116
7,1589
14,1935
6,5729
8,8299
32,9118
20,11069
10,1117
8,1118
10,1120
18,3848
13,1121
27,10431
14,1122
17,1253
17,4588
7,5444
28,6602
24,7778
9,8926
31,10085
23,11905
5,1126
23,1254
2,1869
19,2059
14,2095
15,2589
1,2937
6,3032
16,3037
4,3261
13,3355
29,3922
9,4849
21,5120
28,5122
29,5154
30,5215
3,5602
6,5685
16,5771
16,5798
1,5824
30,5910
1,6112
17,6321
4,6879
28,7122
8,7228
13,7603
27,7607
31,8052
17,8287
18,8641
1,8798
4,8884
32,9430
16,9500
4,9682
5,10216
31,10258
8,10650
18,10733
28,10964
16,11108
7,11169
24,11483
13,11629
5,12134
27,1366
18,5044
20,7648
11,1129
19,1130
18,1131
11,1717
3,11832
21,1135
7,4328
11,10227
2,1136
2,3764
10,1364
19,1778
19,3643
10,3711
22,4222
18,4523
25,6127
26,6207
23,6973
24,8122
1,8659
9,8917
20,10983
16,11606
15,1138
11,1139
28,1140
20,8623
6,1143
14,1145
7,9239
16,3652
32,3954
25,6111
27,7212
3,7731
13,1147
1,8097
13,1149
15,1150
2,2099
22,1151
1,1152
21,1153
32,7253
22,1154
7,2113
24,1155
15,8942
30,11778
16,1158
16,7976
6,2386
4,5658
32,1162
21,1163
15,6351
28,1164
8,1165
20,3272
10,8467
15,12356
4,9009
10,6502
7,3100
30,3393
12,4331
20,4732
30,5449
24,6933
2,11003
32,1170
14,1171
2,2971
20,4691
13,1888
24,9941
26,6732
5,1626
7,6032
23,9409
21,2613
22,3102
29,9497
24,10647
22,10801
17,11746
6,1180
17,2316
24,9088
25,8404
26,1182
7,1183
28,7338
3,1184
13,1185
26,1202
14,1973
1,2126
23,2169
6,2393
2,2909
22,3300
19,3461
4,3870
10,4189
32,4524
27,6005
3,8527
4,8539
2,8760
26,10016
24,10087
23,10131
22,10651
15,12235
12,12524
7,1390
20,2983
29,6747
31,10631
13,1189
22,1190
5,1513
9,7869
24,9879
18,9515
2,9756
6,12320
18,1193
24,1576
12,2716
19,6407
14,1195
30,1196
23,1623
24,1707
29,2494
17,3918
27,6765
1,8160
18,12054
20,12447
25,1197
9,3329
10,1198
7,1734
21,1780
16,2480
27,6676
17,1199
14,1272
8,7776
7,1200
18,11404
16,1204
31,1979
3,2917
17,4449
4,7538
20,10371
9,12405
16,1206
7,8954
23,1207
13,6234
29,8396
14,1209
10,8792
14,10768
9,1210
11,1211
32,10197
28,5514
3,1213
8,8899
5,1214
10,1216
29,5562
21,12117
4,1977
14,4284
2,5338
12,8721
20,1218
20,2899
27,1220
18,1221
23,10351
12,1222
22,3241
10,10638
21,1226
5,4285
17,10583
12,1227
18,7764
14,3127
25,4664
28,5274
27,6830
1,6851
6,7299
26,8652
29,4267
9,6620
2,10297
2,10591
18,11473
30,1902
22,2679
22,4315
12,1231
24,1232
1,2073
31,3598
11,10985
28,1693
17,7081
1,1236
7,10986
7,1238
11,1239
28,7920
11,10055
28,10817
7,11208
29,1241
9,7621
32,10622
24,12378
3,4168
32,7062
30,7830
29,10450
29,10569
6,1446
31,2281
31,2311
23,3231
29,4265
20,4453
12,6117
8,7120
12,7738
13,10163
6,10451
23,10887
8,11712
22,1245
23,1885
14,1247
29,5857
2,7158
9,11191
7,11846
29,12243
16,1249
4,1250
6,1542
15,1251
28,1252
9,12461
15,12401
26,2190
5,7103
11,8564
31,2153
3,2512
9,5344
22,11700
31,3804
29,3847
2,3928
6,7943
8,8384
14,8866
12,9882
30,10280
21,1260
2,1261
21,11749
3,1263
30,4422
23,7071
12,9428
5,1265
19,1266
27,5267
9,7277
25,1362
9,2650
4,6737
1,9429
24,1269
29,1270
6,4376
2,3822
28,5814
8,6618
11,7942
17,1274
7,2262
7,1275
19,1276
13,1278
15,7996
32,1282
25,1954
13,4081
21,5185
27,9961
2,1283
24,1315
24,7589
24,1284
4,4339
29,12539
11,1285
30,4202
5,4804
3,1460
7,1601
9,1929
3,2283
31,2704
5,3344
8,3372
32,3441
32,3531
16,4106
11,4351
17,4405
23,4638
18,4905
3,5026
4,5087
32,5241
3,5622
28,6027
13,6301
23,6556
22,6569
14,6575
14,6723
14,7472
5,7575
17,7761
11,8406
15,8442
15,8510
15,8604
17,9051
22,9163
23,9368
20,9911
20,10232
28,10357
27,11170
20,11218
28,11894
10,12460
30,12570
12,2417
1,3425
15,4880
15,10249
4,11299
15,1485
17,1781
32,3325
27,7319
7,11243
22,11192
8,1293
21,1294
3,3496
13,1295
6,8458
13,10835
27,1296
21,3727
28,7677
12,3558
11,7018
19,10409
31,1301
31,10311
14,1302
26,1303
18,5332
9,8602
4,2312
16,2737
21,2942
4,6197
31,8768
3,9814
7,11130
13,1308
19,10438
6,1310
8,1311
26,8139
27,11249
16,11352
14,4461
30,1317
28,2420
20,8428
11,2762
23,9621
8,9692
6,1320
3,1321
18,2114
24,4242
1,4806
17,8144
6,8856
27,9690
2,10385
15,10850
30,1323
18,1887
3,1418
1,1436
16,1669
5,1975
8,2091
28,2288
24,2495
13,2770
4,3027
17,3079
8,3384
19,3566
31,3980
6,4012
14,4115
18,4177
16,4280
5,4340
26,4395
22,4532
7,4543
12,4679
14,4823
8,4937
28,5166
19,5502
2,5556
30,5614
1,5643
31,5720
15,5766
4,5784
31,5873
30,5887
9,5950
6,6537
26,7042
32,7154
19,7646
29,7697
17,7787
27,7801
16,7836
15,7846
1,8203
29,8205
1,8683
16,9364
2,9522
26,9739
6,9765
8,9848
6,10140
19,10157
16,10255
1,10284
6,10505
18,10877
31,10886
7,11084
16,11165
13,11239
10,11297
15,11342
11,11417
18,11596
21,11755
5,11825
18,11845
8,12266
2,12429
2,1328
3,4923
17,6560
17,1330
3,3484
13,7931
17,9008
18,4342
15,9224
11,1334
24,1335
23,8991
16,4455
10,5517
6,7634
17,9577
15,11584
23,11872
15,1337
21,2678
7,5147
27,8276
31,1339
21,2299
6,4479
16,5064
10,5999
10,6573
1,6837
17,9594
11,12359
3,1343
19,7539
28,9408
19,1344
22,3363
9,7770
3,10729
7,1345
23,2754
14,5872
30,12251
13,1532
29,1898
8,6615
18,1348
14,3421
23,1350
9,5143
28,1351
12,1352
15,1353
23,1354
10,5691
4,5938
28,1356
25,10245
13,1357
6,5191
26,1358
30,3107
17,1420
28,1903
17,1927
12,3199
15,4391
6,4840
20,5580
18,6733
13,8864
10,8865
31,8923
11,9938
23,10929
28,11099
18,11662
9,12090
9,12450
8,8506
17,9311
5,12512
19,1363
32,4563
27,5874
29,5962
3,8093
22,8280
22,9637
16,1910
28,1969
15,4537
13,5491
12,5497
11,6670
29,1368
24,8636
25,4271
2,9611
11,9840
11,11459
14,1370
21,3855
9,1371
24,10824
11,1372
5,1373
10,4983
20,6155
13,7092
18,8002
4,8579
17,9582
5,1423
3,1375
12,1376
1,9356
6,10936
2,1377
22,6644
21,1378
29,3967
5,11385
1,1379
9,1854
15,8849
30,9369
32,1381
8,1383
32,1384
11,12538
19,1386
14,1548
32,5079
27,1387
5,8711
10,11741
31,1389
15,2964
29,1391
12,1392
32,3960
1,4514
29,12300
5,1393
4,6646
8,1395
5,1397
9,3964
9,7961
26,9477
29,1399
5,5768
31,7060
30,7373
14,8140
14,9115
27,10196
13,11186
22,1402
27,1403
23,1404
8,1405
8,6877
22,1406
3,3193
13,10408
32,1407
2,2063
27,5356
29,5372
13,9673
27,1408
30,11399
10,12428
31,1409
1,5661
17,6142
3,7180
10,2472
25,5579
29,7064
7,7541
30,11139
27,7557
4,8092
11,8706
9,10707
31,1416
24,1417
30,1419
25,5446
15,3328
5,3591
32,7320
5,8109
7,7556
12,7924
4,10359
8,1425
7,1426
1,12371
21,1428
1,6594
31,1429
30,6731
32,2772
32,3898
14,5073
2,5359
9,7667
7,7821
31,7963
15,8575
5,9366
26,10175
19,6042
15,7136
2,1433
18,1434
7,1435
31,2536
11,3299
21,2013
4,2289
11,2452
25,2912
11,2972
23,3159
29,3580
18,3735
29,4023
30,4227
7,5705
30,5735
28,5960
4,6034
29,6360
27,6488
18,6492
31,6549
3,7014
24,7207
30,7497
18,7786
29,7799
23,8654
5,9714
12,9764
25,9947
22,10084
18,10203
24,10327
32,10419
6,10715
27,10728
11,10993
31,11467
5,11739
1,12172
27,12325
23,12377
30,1438
24,2328
29,7500
27,8451
20,11535
1,1441
24,1442
14,2178
18,2397
23,2425
17,4435
10,4516
20,5585
3,6358
6,6416
10,6535
7,8668
17,9399
3,9553
28,10582
3,10959
26,11556
28,3157
8,4697
20,1447
6,3249
6,1448
25,1449
7,1450
1,6470
15,1451
4,11382
25,12126
11,1452
31,5289
12,11317
11,12048
22,4414
25,4445
29,1458
12,4918
10,9514
6,4703
31,5255
12,6254
12,6834
9,8230
18,8351
29,10475
11,1461
14,2595
31,5305
5,10946
10,1463
7,1464
24,4388
15,7819
12,11200
16,3294
22,5505
13,6899
30,9959
25,1671
5,11586
9,1468
23,4956
16,6759
20,1469
13,1470
9,8366
16,1472
25,1473
18,2359
22,3736
23,3813
30,10278
2,1474
32,6354
16,6369
30,1475
11,8892
29,1477
29,5912
15,1478
6,1479
3,1480
7,1519
21,2251
14,2404
22,2522
10,2727
26,3351
20,3762
3,3786
30,4698
29,5310
26,5806
14,6212
17,6379
6,6776
22,7038
32,7474
30,7478
8,7499
22,7519
21,7552
5,7593
24,7723
21,7782
21,7971
21,8023
31,8637
17,8843
17,8850
14,9341
23,10615
20,11125
20,12082
11,12210
1,2046
10,2615
21,5146
27,5329
30,3063
24,1484
25,4577
27,5340
17,1486
7,1487
11,6525
22,7571
28,7627
11,8943
20,1489
4,1812
32,2058
9,3648
9,6161
23,6554
29,7316
29,7572
12,8680
27,9712
14,10149
29,10938
9,1494
4,2521
16,5153
28,5844
15,10972
17,1499
6,1500
3,9074
12,1501
3,2186
26,3205
5,5284
29,5513
10,7662
11,8754
7,10834
32,11336
7,3185
18,7564
20,7580
11,10294
17,1506
28,1507
19,8425
8,9969
24,10054
16,1510
20,1511
19,1512
29,6030
17,3935
27,4856
32,10943
1,2413
23,2610
14,2924
17,3358
28,3778
17,8503
29,8520
31,9310
11,9555
2,11138
28,11663
21,11870
12,11923
3,11927
21,2043
19,5499
20,6007
8,6475
29,7213
5,7490
3,6291
16,3381
12,6785
27,1522
31,10534
32,1525
13,4562
28,3681
16,7309
8,7657
28,8211
16,10412
30,10799
9,1527
1,1529
26,2065
26,9586
30,1531
24,1533
4,8041
31,1534
19,12486
25,7118
11,9647
22,10432
13,6459
29,12106
9,6441
20,7098
26,10476
13,11072
23,1541
9,5704
25,10260
18,3405
8,7386
24,10252
30,11967
3,12488
8,3685
6,8651
30,1545
24,1546
4,12554
7,1547
25,4198
29,11502
1,1549
22,8565
21,1553
5,4640
21,1557
8,5914
29,1766
31,2769
29,9339
9,11489
27,1561
6,1562
29,1563
20,1564
18,1565
20,2351
29,5244
10,1566
5,1567
4,5911
2,7339
3,10147
7,1569
10,1570
8,7558
5,7758
1,2849
12,10243
11,10354
26,2209
9,8040
12,8076
15,9869
29,10421
16,10952
3,7208
5,9083
12,1577
2,1578
2,1581
21,1582
28,2426
7,3792
18,4169
16,5226
25,7286
5,10536
13,1584
2,1586
10,10843
17,11557
4,1590
12,10107
23,1591
13,3267
20,8266
27,1593
14,2085
31,5258
6,5320
7,5331
7,6397
17,1594
22,7950
4,1597
1,1599
25,11070
9,1874
13,2866
26,4825
11,6133
2,7243
22,7283
17,7287
19,7313
6,7722
10,7745
24,8690
18,9231
11,10494
1,10579
2,12544
15,8110
13,1603
25,2966
28,3141
32,3710
20,3775
9,3891
31,4641
25,4815
15,5237
5,5995
10,6102
4,6989
9,7562
11,10306
29,11247
18,11628
23,1605
22,1607
28,1609
24,2466
11,4440
13,10025
11,1612
17,5902
22,3542
3,1616
2,1618
1,1619
3,3667
4,6868
15,1621
16,1622
28,5791
10,9126
15,1627
16,1629
18,4931
13,1633
9,3674
1,12497
18,1637
18,7436
5,8035
27,12509
29,1640
1,6995
12,1643
19,2652
23,1644
7,1645
11,9596
2,12148
19,11061
22,7043
18,11033
8,1650
24,1651
20,1652
9,5109
27,1653
23,3588
23,5205
10,7405
19,10732
1,1658
25,9161
2,1660
18,1661
5,5090
10,4352
19,5732
23,9486
28,2869
24,8755
17,1665
25,11304
24,1666
28,1667
11,6451
15,3606
3,6414
22,9642
16,6929
22,12049
12,1673
2,1674
29,1675
3,1676
21,7569
5,3305
30,3597
12,9187
28,5544
8,3201
31,7429
28,3958
32,4171
1,6889
14,7115
4,7135
10,7788
1,10102
27,11439
6,1684
24,12478
11,1687
30,1688
16,8633
7,8811
9,10049
30,1691
9,1692
31,6609
14,8502
30,1697
10,1698
15,1699
27,1700
13,1701
4,4262
32,8444
11,9222
16,1703
27,1704
18,1705
14,9315
23,12385
17,1706
14,11522
4,1708
21,1710
24,4175
5,9800
15,2931
30,4853
28,10807
25,1713
27,1715
11,12375
31,1716
4,3561
9,2139
8,3404
2,1720
22,9791
5,4037
12,9376
5,1724
31,1725
25,1726
8,9822
31,1730
3,6800
23,1735
25,1736
20,11773
5,1737
16,5102
4,9747
18,9833
20,11807
24,3988
9,8068
24,8181
6,8588
7,1741
19,2346
31,2819
1,3793
29,4281
30,7891
5,10498
6,1743
5,2443
7,2686
27,3309
10,3431
19,7102
31,7733
9,3871
11,12343
7,1748
7,8182
13,1750
30,8764
31,9005
32,10167
2,12541
15,1918
3,2189
20,7678
2,8197
27,1754
28,3368
25,8395
1,9487
3,11641
11,1756
32,1757
3,8688
8,11635
29,5202
8,8149
13,5158
2,8498
14,10619
8,5534
11,7129
32,7189
7,9803
19,1763
11,8927
13,1768
25,5828
23,11766
11,1772
24,1776
22,9718
12,11412
6,6372
25,8372
31,1784
7,6264
19,4616
27,4800
31,5899
20,6498
29,8155
10,10457
19,11566
32,1788
18,4719
16,6943
8,1790
30,1792
17,1793
22,11202
5,3239
28,6435
22,1795
12,1796
15,9645
32,7928
25,7594
7,9811
22,11463
3,4283
31,4565
11,5156
15,5235
5,5632
4,5990
14,6984
12,11788
22,3465
9,3729
10,7235
10,9591
6,12026
20,3147
28,8216
5,9252
5,11063
11,3251
13,2638
3,5288
28,8137
2,3451
8,7415
23,8344
23,12078
19,1808
5,9105
22,1809
11,3965
12,5348
11,5647
14,7727
10,4255
22,1813
28,1814
14,1815
25,11174
9,1816
25,2030
15,2341
18,2975
3,9260
24,9639
23,3694
23,7252
19,1819
27,1820
27,2782
30,10181
8,3331
30,11818
25,1822
9,4207
5,4427
15,7610
31,6311
23,1824
20,2162
20,4165
2,9355
31,1829
31,8229
15,1830
9,1909
20,4758
11,6460
23,7902
13,8078
20,9013
16,1832
27,4058
5,1833
19,8902
18,1834
27,9745
9,2305
5,6835
22,1838
4,10040
2,1840
29,4774
1,10560
27,1841
5,2024
6,4194
10,7023
3,11839
28,11900
29,1845
23,1847
30,4348
28,4970
22,9378
12,10620
4,1852
10,1853
22,2952
27,7260
22,7380
9,10433
10,12112
17,8610
13,1857
29,1858
2,9010
8,1859
6,1860
7,3539
29,5459
9,1861
9,1862
25,6290
10,5473
3,12139
29,1865
15,9542
12,1866
32,1867
11,8070
9,9374
23,7965
8,7483
5,3503
13,6531
20,11769
9,2514
22,4602
10,9379
3,9519
11,12306
19,1876
13,5738
27,7615
32,12342
9,1877
29,3479
7,5730
15,7139
4,8772
3,10399
23,11238
12,2218
27,3152
1,6249
15,8364
24,2042
16,2279
27,2879
24,3255
27,3374
3,3615
15,3994
3,4611
8,4802
27,5008
23,5127
16,5216
16,5460
32,6079
18,6088
27,6993
18,7024
31,8815
22,8905
17,9865
8,11377
18,12145
24,1886
22,9200
22,1889
26,1891
13,1894
1,5994
21,6437
14,12225
15,12335
13,1897
29,1899
9,3111
5,1904
24,2182
12,8231
19,10391
26,10533
19,2661
13,6235
17,1908
2,4181
28,7939
16,5613
20,1911
23,12418
2,1913
19,3376
12,5843
19,6260
26,9587
30,11364
10,5692
15,1919
19,3162
4,1920
28,6793
20,7167
25,1925
9,1926
2,11898
5,1928
5,3471
11,4078
9,7121
29,1930
23,10734
27,2031
23,2336
10,2979
8,3052
7,3485
12,3666
4,3715
22,4310
31,5319
26,5479
24,5830
18,5888
5,6016
11,6443
11,7187
3,7399
20,7929
26,8321
21,9687
24,10461
21,10690
8,10797
16,11281
30,11621
10,12382
20,3352
3,4893
21,11609
29,1936
31,8118
11,2557
23,1939
21,1940
20,4088
30,1942
27,1943
31,1946
1,7402
17,11748
30,1949
27,10577
9,1951
16,3092
31,1953
19,5959
26,6934
1,4852
7,6276
20,9107
22,1959
30,9393
9,1962
30,1965
13,5538
6,6390
7,2194
32,1967
8,3187
28,8420
29,11922
7,3576
6,5776
19,8381
27,8920
26,3810
17,1974
22,1976
25,2006
18,10532
7,1978
22,1980
12,11097
15,1981
6,7425
11,11198
2,1984
32,11018
12,2790
8,3557
19,4314
1,6522
5,1986
28,5662
30,6382
17,6913
1,1987
5,4490
17,5225
9,5796
32,9033
13,9034
15,11305
6,11688
32,1990
10,2015
31,4911
17,5557
32,11649
23,1992
2,2960
6,7886
13,1993
13,1996
21,1999
18,6222
24,2002
22,9776
17,2003
3,2004
29,2005
4,5880
4,2008
1,9931
31,5323
2,10490
18,7070
32,4170
6,12094
3,9914
9,9890
6,2016
16,5234
24,5628
12,6907
15,10670
1,12170
10,2019
32,2352
32,7484
1,5675
1,6399
6,12229
14,4670
14,8818
26,11932
32,2025
5,2147
15,4385
17,2027
7,2028
12,2029
20,9089
11,2033
13,2034
19,2035
12,6413
30,2680
19,3388
18,4293
1,5969
28,8085
23,8919
16,11255
19,11383
2,4575
31,10614
20,11001
12,12156
30,2038
20,2039
13,2040
31,7297
26,2582
26,3379
12,5740
19,3034
25,3224
17,4511
2,6059
9,8171
24,10069
13,2045
29,4586
2,2414
25,4508
16,7329
13,3081
23,6395
3,8650
30,12034
24,2048
31,10510
21,2054
8,3135
18,3767
23,4090
7,4879
5,5709
2,6092
5,6625
25,6829
14,6833
3,6859
18,7108
8,7528
15,7968
5,8596
32,9250
31,10680
7,10863
9,11526
22,11776
19,12012
6,12159
23,2792
12,10750
22,2776
4,11262
3,6611
25,10812
1,2066
26,2067
23,2069
22,2072
1,2077
8,3688
12,6101
8,2078
13,5858
13,10194
12,11650
6,2080
27,8763
15,2082
24,7231
2,4127
29,2090
28,7613
2,2093
27,2094
2,5850
10,2096
17,2097
21,10108
16,2098
8,3169
1,3900
5,8803
11,2102
3,2103
30,11312
12,10479
29,2108
20,2109
1,2110
29,2112
28,9451
12,8355
5,9204
9,11708
25,2115
16,10956
14,11939
19,2116
30,3858
5,9609
20,2119
26,2120
1,2124
21,2125
21,2813
3,3770
31,6293
6,6685
24,7578
14,7850
13,8494
24,8774
19,9716
23,11416
27,9548
17,2129
2,5980
23,2132
4,2134
3,3181
20,4174
32,6445
14,2135
24,2759
8,11622
6,3866
7,2137
22,8021
24,8783
5,11889
27,2142
12,2144
31,8402
27,5378
1,7432
19,9761
30,12101
31,2146
24,2149
22,2152
13,12366
5,2155
13,2156
32,2938
28,7622
8,2158
16,12038
30,2161
30,5926
20,2163
32,2614
17,2164
19,10464
13,2165
8,11301
27,2166
19,2168
15,3380
16,2170
11,2172
19,2490
10,2174
22,12200
17,8619
5,10748
22,2179
4,2180
3,3501
21,5578
28,6201
24,8418
2,9970
1,10077
5,10512
1,10735
28,11794
12,12180
17,6971
25,5821
9,10751
4,10446
25,2192
25,4210
23,10862
5,4191
1,8599
17,3832
24,4141
16,4432
32,5465
2,7520
3,9455
10,11972
23,5707
20,12088
14,12543
13,2199
23,3777
16,5124
2,7205
19,10575
8,2354
3,2749
19,3208
12,3745
4,3943
15,4244
23,5731
20,5991
7,6061
31,7873
23,9112
31,9464
24,9871
13,11983
4,2203
25,8138
30,2204
27,2205
8,10424
30,2207
29,2208
10,6277
7,10642
19,11858
30,8455
21,4760
32,5897
20,6875
5,7712
1,11989
7,2214
12,5892
4,2215
26,2216
23,2217
7,5010
8,8147
13,4618
26,2220
15,2223
12,10837
17,2226
14,2227
3,4036
30,2230
18,3214
27,4876
27,2318
12,3177
3,3880
25,4832
8,5150
12,8642
31,3348
27,2237
9,8929
20,8961
27,2240
29,7560
25,12395
28,2448
4,9558
4,11697
31,11799
29,12516
27,2898
6,7889
5,8277
7,2244
31,2245
20,3184
19,9482
16,3308
1,5837
21,6165
13,7887
18,10489
16,2250
8,2252
30,9530
18,2254
32,4816
6,2258
30,7119
31,3406
1,3874
7,6344
19,7082
28,11090
4,2263
11,2265
23,2267
7,6860
14,7934
21,8098
4,9802
9,12196
27,2270
9,9601
16,10270
25,5334
28,7292
2,8656
9,2274
29,2276
22,9251
21,11131
15,11920
5,2933
28,5293
12,11277
23,6744
28,6994
18,2282
20,2622
26,9693
19,10367
26,5286
12,7744
14,9784
29,2286
23,8117
4,3547
4,4477
5,2290
25,10529
8,2294
13,6704
19,2297
16,4799
28,6726
12,9321
12,7294
29,2304
20,5300
8,2306
19,3053
8,2308
22,2310
24,7860
4,10656
2,2314
14,4647
32,5813
19,2317
1,3022
26,2580
5,2602
27,2659
5,2741
19,3704
24,6422
28,7948
22,7975
28,8135
32,10325
14,10338
3,10467
12,10879
1,12030
18,12264
7,8606
12,2805
30,2322
4,2324
31,2325
5,3984
22,4733
7,8885
26,11026
13,11826
11,4633
28,7892
26,3302
10,2332
14,2718
27,3889
3,8950
19,11271
22,12556
8,2839
5,7710
13,8058
3,5363
27,2342
8,2343
3,2347
9,5471
10,2348
14,4859
9,9707
28,10130
21,10415
21,4223
26,9071
24,7724
20,3673
30,4529
13,4067
27,7706
24,9684
25,9998
5,2356
19,8284
19,2361
15,2362
1,6257
13,6461
18,10079
20,10192
2,10595
26,2365
24,10028
15,6062
28,6780
19,2368
22,10718
31,2605
27,11545
32,3979
12,8648
3,9560
28,10417
32,12468
23,2371
21,9528
23,9147
10,4397
19,6120
3,7046
4,10741
10,7757
28,11326
9,2378
29,10465
14,4468
24,5453
29,8279
26,11204
9,12017
17,2383
28,5869
2,7858
8,2385
10,2387
30,5111
26,2388
31,9554
28,2392
21,8148
31,4643
7,7097
23,9040
27,4637
7,10925
14,2396
15,2398
29,3371
24,5357
2,6463
32,6940
28,7278
11,7616
27,8123
5,8346
8,10987
8,12108
28,2450
5,2588
2,3040
4,3925
21,4122
29,4875
5,5792
29,6031
6,6056
3,6256
23,6529
5,6561
30,7354
11,7654
4,7763
5,8424
2,8518
30,8918
11,9387
15,9792
13,10133
8,10345
7,10813
14,10939
7,10994
2,11523
25,11738
1,11745
6,12271
1,2401
9,5129
1,5011
5,2403
10,9724
5,2409
26,2410
7,8378
10,9316
22,11251
13,5717
12,5763
12,9346
18,12137
9,2740
23,6559
21,8765
13,5015
24,5206
19,11975
24,7456
7,2681
32,5554
31,9506
13,11089
13,2423
5,5551
15,11022
6,5137
6,4118
20,5572
6,6130
15,6143
21,6171
11,6579
24,6708
26,7449
4,7605
31,10557
3,12085
25,2431
11,12059
14,11833
5,2434
29,2436
23,2437
27,2765
17,8294
4,2477
19,3286
4,4552
27,4870
25,5303
3,5807
26,5934
5,6288
16,6436
30,6619
19,6716
22,6775
4,6799
7,7877
27,7945
18,8233
28,9688
5,9709
10,11503
21,11539
9,12493
8,3171
24,5834
1,12490
19,6673
6,7880
6,11887
15,12105
29,2442
32,6861
32,11575
32,2444
19,6298
4,10180
27,3095
11,6959
6,9939
21,3881
16,4748
22,6327
19,9462
3,2453
11,2454
22,6577
10,2455
6,2597
7,3536
5,3973
11,4344
17,4569
26,4654
19,8064
25,8405
18,8509
20,9099
11,9218
23,9496
25,2457
26,9994
19,2460
25,7068
26,7865
19,11161
11,2465
29,3295
14,5169
22,2469
3,3587
2,6037
6,6452
25,7004
20,11316
8,2475
4,8751
10,9889
18,3684
9,4696
17,2481
23,2482
20,2484
1,2543
17,3589
6,7759
25,8349
2,9035
26,10369
4,12216
25,2486
18,2487
30,2488
12,2489
11,2903
23,3647
30,4824
22,5047
20,5132
12,5909
11,6123
23,6174
13,6595
17,7793
15,8044
1,10470
25,7469
18,9664
10,3198
10,3659
27,5527
26,6691
32,9715
14,9717
27,10703
16,11308
20,2496
19,5795
18,2499
13,3217
23,3564
10,10537
31,2501
20,4751
21,10568
9,3609
11,10753
19,2506
30,2507
31,6642
30,10910
9,2509
21,12070
11,7885
25,5186
4,7186
12,10708
17,3413
21,10722
22,6055
26,6096
16,10148
15,4922
26,12006
29,2519
9,2577
10,2847
17,5392
28,6476
28,7169
30,7404
18,8556
5,8767
28,9174
6,10001
26,10473
5,11418
16,11737
13,3452
2,8674
14,12481
11,6272
10,6794
3,7955
22,8159
3,8376
6,7414
1,7548
19,7245
27,2527
22,3622
13,2530
10,2531
5,2532
6,2533
7,4345
14,5207
16,7133
23,7911
10,2537
11,6373
20,2538
27,2539
16,3742
16,2540
1,2541
9,6882
20,2544
17,10841
22,2545
21,2546
31,2547
32,3989
31,7717
1,2550
21,4992
2,9098
7,9197
22,5249
20,9860
1,9901
12,11133
1,2554
10,3119
16,3525
7,4890
17,7957
30,2558
22,6893
8,2832
7,5069
1,8083
27,6432
2,7772
16,8353
11,2561
2,2563
25,2586
30,5208
18,6122
14,7195
19,8232
17,8517
14,10573
18,10610
17,5316
2,2566
19,4749
23,3407
23,4457
7,5820
23,6076
2,9826
7,2571
1,2572
18,2585
13,3283
18,10672
15,2576
3,3089
25,2578
22,6883
3,4536
20,5405
23,2583
18,2584
30,9139
24,11786
11,4372
27,11231
10,2592
25,4546
14,5827
26,2594
6,10051
32,11144
11,3014
7,9978
18,11519
1,5742
30,8541
25,3656
24,4016
32,8129
31,10008
25,11625
18,2604
12,3284
10,11558
1,3142
14,7601
2,3845
22,4860
16,5066
21,6206
12,7424
2,8029
19,8562
4,8761
12,11188
14,11482
14,12044
4,12202
27,12269
7,9293
10,11790
26,2786
18,8644
17,6425
12,2619
19,2621
14,2623
4,10836
11,2628
14,7318
3,9347
3,10967
31,11442
14,11694
13,2632
31,4322
27,10860
15,2768
21,5617
11,2636
4,3518
32,9209
12,11585
22,12033
4,4401
24,9786
3,2641
17,3663
28,12431
30,8687
24,2799
5,3838
24,4377
9,6200
21,12207
4,12278
28,2646
3,2647
7,7989
6,9326
16,11302
10,2651
9,7435
15,2653
23,7665
21,2656
14,2660
17,2746
4,2662
2,3134
27,2665
7,8705
2,8208
7,12388
28,2668
5,2669
30,3226
31,7450
22,7682
25,8701
29,9526
13,9659
30,10109
20,11604
22,11633
18,11813
23,2671
17,11578
21,2673
30,2674
22,3319
5,9897
7,5177
31,8342
19,10766
30,2683
19,2687
1,2688
14,8521
22,4384
2,9719
9,2697
29,6946
4,6285
16,8653
24,2699
8,12527
13,2702
23,2703
30,6805
6,3605
19,7030
11,2707
4,2711
7,2712
32,5148
22,6665
30,2717
17,4593
10,3321
28,4108
7,3860
14,10571
2,2729
5,7104
1,6337
31,8529
24,9708
1,3429
13,4458
13,5312
2,9958
22,7912
10,12150
6,3689
5,2743
1,9014
14,5860
18,7980
24,9550
11,4566
24,10122
11,3428
21,5919
28,7644
17,8060
21,11075
17,11234
15,2750
6,3078
26,3453
10,2751
12,2752
8,2753
12,7155
16,9131
8,3517
11,3686
8,4544
9,11413
24,12454
21,2758
11,9507
13,3720
30,5123
16,6909
18,10455
31,9151
29,12021
4,8368
22,2773
7,7954
27,5141
32,6338
28,5121
22,2784
17,2785
16,2788
7,6045
32,6816
21,2791
1,2793
9,9438
1,2795
8,2796
21,3236
17,3298
16,4626
31,4986
24,5588
24,6648
22,7496
12,8678
2,11670
3,11996
9,2801
17,2802
20,11141
7,2804
13,9781
24,2806
29,10818
20,2807
19,7732
29,11333
16,2809
8,2810
13,3669
32,6588
15,2812
12,5262
21,4686
15,2814
21,2815
21,2817
23,7034
9,2820
6,2825
6,2826
8,2827
29,2877
30,4347
29,5949
9,9415
31,3139
32,6417
18,2831
16,3362
20,12256
24,2834
29,6480
11,6770
21,7916
17,8739
29,9454
17,10282
32,10706
5,10822
30,2836
31,2837
19,3194
10,4659
19,2841
1,6777
30,2843
8,10048
23,3541
7,5048
13,6707
29,7331
14,10349
10,2853
26,2854
11,2855
18,3120
25,3763
11,2859
3,4877
8,10780
30,8335
27,8537
4,11740
8,2867
15,4667
20,7396
5,9678
32,2873
19,3219
9,3942
29,4052
18,4404
28,4594
6,5280
5,6494
29,7033
4,7553
12,7687
20,8595
11,10097
25,11777
16,2875
25,10876
2,2880
10,2881
4,4835
19,11599
2,7209
14,2884
22,2885
9,2886
12,12465
16,7321
13,3785
19,10997
31,2890
1,8921
24,2894
31,11362
20,2895
1,5758
27,9073
5,2900
28,3163
1,4813
10,5248
24,6126
5,9003
21,10029
12,10375
16,2902
13,10774
27,4863
8,6376
15,9511
5,10009
12,11791
1,11816
6,2905
26,10042
23,10802
15,10948
5,10950
7,11114
28,11423
23,12081
6,12107
28,12152
15,12221
4,12233
16,12242
15,6926
31,8891
20,9021
10,9047
31,10714
29,3528
2,4205
4,4797
18,10024
13,2914
19,2915
31,3593
8,4791
27,9066
13,4570
12,2919
7,4053
14,4785
18,2923
32,6842
4,3865
1,5104
4,8983
11,2928
28,4582
27,5590
16,7345
24,8639
9,11736
19,2935
7,2939
23,2946
17,7142
27,2950
1,2954
16,2957
24,2958
2,2959
20,11719
10,2961
15,7502
7,9298
8,9483
22,2963
2,5684
21,9132
2,4708
8,7703
3,7842
20,9654
7,10335
7,11636
20,11879
11,6108
17,6599
16,7972
5,8974
32,9572
7,10648
14,2977
19,2978
14,11701
5,4933
4,5533
9,5440
5,3546
20,3600
32,4520
7,5282
7,10825
9,2985
22,2986
13,2988
17,10091
11,12228
14,2997
6,5081
13,8629
22,9852
8,9261
32,9721
29,3001
14,4727
20,4077
7,9037
30,12482
3,3314
12,3699
30,6289
10,7168
25,8800
17,8937
24,9492
30,9912
20,11438
32,6323
2,11510
7,3013
32,3016
9,6540
14,12381
9,3018
30,3019
27,4660
25,5341
9,6680
8,3023
30,3416
22,5883
30,10821
6,3437
22,3029
26,3030
19,3031
9,9488
1,8756
17,9934
12,10379
12,3038
15,3039
22,11959
5,3042
31,4197
14,3045
2,3046
19,3047
13,3048
3,4249
26,4854
12,3505
12,4831
7,4965
20,11465
9,3056
1,5988
13,8049
18,3060
9,3062
11,10392
7,3067
6,3359
16,4998
28,10719
32,11032
2,5228
5,3070
32,3071
19,10134
16,10135
11,12226
1,3074
6,3076
15,3077
31,4056
19,7423
17,3811
18,3082
31,5546
20,3086
11,3197
11,4469
31,4851
18,6403
31,8219
8,12195
18,3814
11,3090
25,3938
27,3096
22,4176
32,4522
1,4735
5,4943
27,6969
32,9116
7,9426
31,10975
31,5223
25,10019
15,3103
10,3106
25,12279
20,3108
24,6286
24,9296
7,3109
8,3113
9,3114
6,3115
27,6512
19,3118
17,5336
26,5922
4,3540
15,3631
1,3122
22,9825
26,3927
26,4428
16,3126
15,3594
25,3128
16,3148
20,3130
20,9493
16,4021
26,11997
19,3136
14,3510
18,3523
1,4810
23,7590
11,9104
21,10585
15,11543
2,11759
28,7282
23,3143
11,3144
1,4221
18,3274
30,11677
17,3149
11,10589
2,6902
32,3151
12,5981
23,6141
25,9875
5,3154
7,3155
8,3156
30,8900
23,3164
27,3166
17,7073
6,8403
20,10558
3,11098
20,11367
6,11548
4,12364
11,3817
16,5077
25,7827
25,12255
17,3176
20,7671
16,11276
28,11446
20,12161
2,11814
25,6715
5,5936
12,5693
26,3189
4,3661
24,5521
16,6778
29,7797
29,8799
23,8947
4,3192
26,5133
14,3195
31,7463
11,3196
19,5765
18,4608
13,4550
7,3203
23,3206
17,3207
17,4470
7,4357
9,9973
10,3211
24,6131
28,3212
25,7039
19,9265
16,12307
26,3218
11,12236
20,3220
6,4349
4,5439
24,10010
30,6742
20,3228
20,5626
26,3230
11,9888
23,3234
20,3235
24,3237
21,8075
30,8580
11,12522
7,3243
11,3244
17,3245
30,4486
27,5180
1,3247
4,8496
4,3250
11,4666
27,4952
31,6490
3,8669
14,9214
15,11025
29,3356
24,7904
2,5529
3,3644
28,4125
25,4410
32,4589
16,4912
12,5068
26,5184
26,5421
3,5761
13,6682
18,6982
24,7250
10,7264
28,7699
31,9253
21,9478
13,10017
28,10314
15,10321
13,10953
32,11487
18,12184
23,3260
27,10820
17,3262
26,3263
8,3265
31,3266
23,3269
32,3270
1,8067
25,4927
28,3273
26,5006
25,5604
11,6278
6,8997
18,10244
5,12227
8,3434
30,4770
22,4899
32,5415
8,6873
18,8598
30,10150
29,10444
30,12537
25,3282
11,10331
11,3285
24,3287
29,3290
2,3292
19,10520
14,10521
28,10523
26,10524
13,10100
18,8975
25,3633
13,3752
11,5610
20,7598
6,8005
3,8859
31,9133
11,10045
21,10303
3,11618
19,12068
18,10397
25,10405
19,3306
26,3310
11,8981
16,3313
22,3315
8,3316
9,3317
1,10418
19,7166
1,3323
30,11655
20,6817
19,10164
11,6214
15,7150
12,10999
23,12332
32,3687
5,3330
4,6658
10,9375
25,10018
9,3340
13,3341
24,3342
20,12477
1,4047
26,3828
7,7488
19,10003
19,10798
25,11758
13,8178
29,9622
8,3357
3,4269
5,6175
17,3361
3,3365
23,3575
17,3367
1,5482
11,10347
3,11050
11,11835
25,3373
15,3375
2,7427
25,10033
20,6897
5,3934
3,7191
12,5584
14,8684
15,11550
3,3386
2,3390
16,12379
29,3397
9,3398
2,3399
16,3400
1,5876
15,3401
13,3403
9,3409
17,5703
17,6202
25,7725
19,11294
8,12010
9,4752
20,8613
18,10337
12,3424
31,10226
11,9981
27,4542
32,3430
3,3432
14,3433
5,3435
6,3436
26,5932
19,3582
20,4491
28,6586
21,4737
4,5375
25,3445
29,3446
5,3447
8,3449
29,3450
19,5065
21,3455
6,9080
4,3458
6,10155
30,3462
23,3463
13,3464
7,10666
10,6901
31,3470
19,6796
8,3839
10,9481
13,3477
7,5409
13,6377
26,11668
12,4834
18,4873
19,4974
31,7333
5,7630
15,8213
19,8221
9,8514
8,8871
15,9243
13,9348
16,9909
12,10671
32,11296
4,11993
18,12574
4,3657
9,3486
16,7856
26,3488
22,3490
23,8922
3,10581
20,7946
9,3495
10,4120
30,3497
22,6730
17,10484
10,11744
16,12175
29,3499
27,5793
3,4844
27,7268
32,8007
17,3504
14,3506
8,3508
25,11764
28,3511
21,3512
8,3716
8,3514
21,8581
11,3515
26,3521
24,3916
19,3524
9,5134
17,5242
8,5268
31,5787
19,8143
28,9093
7,10759
29,10921
25,3527
29,4740
13,3533
3,3534
12,3537
9,3538
29,8752
14,12436
4,6656
28,9312
31,12452
17,3548
3,9737
23,11828
13,3559
24,3563
30,3567
21,3999
12,5672
9,10934
14,12203
3,3573
27,6071
22,11728
20,6679
3,11925
20,3581
6,3584
31,12523
27,3590
2,10115
24,3596
23,3599
15,6891
26,3601
2,9320
24,3602
22,6671
16,3603
27,5930
18,7416
14,8976
11,6571
21,11460
5,3613
24,3614
12,3616
2,4766
12,6466
23,7397
10,7987
25,11189
26,8951
5,4648
14,8126
13,11334
8,3624
2,7516
18,10927
7,6489
28,4571
20,4682
30,8790
19,10381
3,5825
24,3634
20,4472
26,5812
14,8725
4,10172
21,3637
31,8959
17,3641
32,3642
20,7001
21,3646
23,5854
31,9983
23,3650
3,6822
21,6847
1,11126
27,5126
15,7328
6,8101
9,11462
27,12205
13,5677
10,8749
13,9976
20,11686
5,3664
32,3665
18,3668
23,6881
3,3672
9,3675
11,3676
29,3712
23,6192
14,9853
17,11640
22,9767
31,11244
17,3682
9,3683
20,7179
7,3690
7,3693
10,3805
9,11907
28,3695
11,3696
4,9735
10,3701
16,8907
12,11332
4,3706
29,11720
21,4817
16,9130
16,4381
26,8776
16,9305
1,11683
17,9267
18,12265
10,4954
27,3714
15,3718
32,7301
9,12413
31,4301
21,3724
8,10654
15,3939
29,3940
27,6608
22,7093
4,7293
5,8390
31,8881
31,9757
16,11229
2,11506
9,12267
31,12562
14,3731
12,8726
28,5447
2,9480
28,3741
12,11928
28,3744
12,3748
12,5746
12,7736
30,3753
22,7681
7,4656
12,4861
21,5173
16,6267
11,7533
10,11573
23,7925
25,3761
7,5498
18,8473
15,3768
10,3769
23,3771
14,10982
9,10096
7,11518
16,11981
17,12123
6,3776
29,11314
29,11775
1,3784
31,11034
24,12567
12,5956
26,6686
4,3795
24,9729
6,9302
1,9307
13,11812
12,3801
12,3802
2,11815
27,6247
22,3806
11,6385
18,11551
15,11824
17,12566
4,3808
30,3809
27,10153
27,11801
11,12241
3,12441
1,3815
26,3821
20,6795
6,9029
23,5304
17,3824
7,3829
21,3833
9,3834
18,7635
14,3840
12,4613
10,4620
19,7022
12,7363
22,8020
31,8696
23,8876
23,12281
26,12223
13,3846
1,4363
11,3849
28,8207
18,3852
15,4076
25,7391
13,10123
9,4241
3,3859
15,8047
9,3861
29,3862
3,4027
15,4456
19,5621
19,6533
21,9432
7,10362
27,12041
7,11724
21,12019
7,3867
16,5096
8,6536
18,8771
5,3868
6,3872
9,6017
28,6908
32,11121
21,3877
29,7361
10,3879
16,5555
14,11803
24,4855
9,5271
26,6295
1,9873
11,3886
9,3887
9,8686
7,10730
12,11567
24,5339
25,3894
31,3896
12,6814
32,6855
25,8292
18,11464
20,11541
31,3899
1,7501
28,3901
17,3902
6,3905
2,4476
25,9935
1,3909
1,3910
14,9740
29,3915
10,3917
30,8048
11,8199
2,10786
7,12192
5,12423
2,7935
17,3923
13,4028
11,6215
24,8274
25,8930
2,11007
17,6885
23,8794
14,6965
16,3932
16,6307
32,12028
4,3947
15,9763
1,11313
31,3951
31,10598
6,3962
32,11077
24,4312
7,9011
32,12027
6,5260
4,5997
10,3976
4,3977
14,4558
12,10788
10,11726
18,12400
14,3981
26,4607
31,6565
24,3985
18,3991
23,7597
26,6956
2,3998
14,7336
8,11329
18,7637
29,8099
7,8845
22,9275
11,9891
7,10070
21,12525
10,9416
13,4107
20,4195
1,4784
19,6453
20,6650
6,8745
23,9874
30,10111
9,10762
4,12475
9,4006
19,5263
22,6179
22,11888
12,4013
21,4015
14,4018
30,4020
12,4022
8,5710
32,5110
25,10857
16,4025
17,4030
22,5382
22,7358
7,9902
32,10404
29,4033
27,4117
9,8523
10,4035
15,5724
9,5501
29,7262
2,10990
15,4039
19,11856
32,10212
24,10658
22,6920
8,7908
10,4044
12,11783
30,4045
22,4046
32,4054
12,4467
19,5466
12,5560
19,7651
19,7994
4,8260
3,8597
3,4057
25,4062
24,4064
10,6012
25,4065
21,7645
4,5676
1,6013
30,7144
18,10259
10,10842
26,11579
20,4082
25,4085
13,8989
19,4093
17,4094
3,4095
26,6649
26,12168
14,4096
24,4097
16,4759
14,7304
3,4101
3,5549
26,4104
22,4109
21,11359
29,12534
24,4111
24,9446
22,4116
16,4632
1,7100
15,4124
5,6725
4,4128
16,5993
2,4131
22,4866
26,7332
28,4134
9,4135
19,4136
9,4139
27,4238
3,4143
11,4286
21,4146
29,4147
24,6655
12,7083
12,4149
6,4150
15,8091
14,4151
31,4154
4,12079
3,10333
28,6015
27,7257
26,4162
18,5520
11,7163
27,9017
1,11595
15,4167
31,4172
16,4173
17,11051
20,4178
9,4182
13,4183
28,10241
27,9421
21,9804
23,6962
30,4507
31,7346
12,4193
26,7203
23,5835
23,9288
5,6230
28,9797
6,11343
19,4200
27,10905
9,12473
22,4206
23,4209
4,5025
15,5194
8,6336
14,6827
10,6911
8,8245
28,9423
8,4213
24,9329
12,4216
27,5803
1,5805
24,7057
23,7583
27,9103
13,9335
14,9644
25,10268
11,10358
25,10641
18,11346
1,11660
16,11892
23,12514
29,12563
21,4226
9,8150
23,5484
30,9102
30,8107
14,11874
1,4239
13,4245
21,4248
15,7741
23,10217
29,4257
11,11768
30,4259
20,9078
23,10576
25,4260
20,5779
15,4264
16,4266
15,4268
27,5609
29,11441
8,10493
5,4274
21,4276
25,4282
6,11673
4,4288
15,4289
2,4290
25,4292
24,4296
25,4297
22,5253
22,4298
6,4299
23,4303
3,4307
27,5760
5,4313
25,4316
24,4359
15,4360
22,10151
12,11166
6,4319
15,10586
32,9727
20,4326
30,4329
15,7504
14,7026
26,4336
22,4599
19,5172
15,5398
14,5469
24,6052
19,6138
29,6431
26,6821
11,7898
20,7906
19,7983
1,8196
10,8551
25,8715
23,8770
12,8825
20,9669
28,10695
4,11110
11,11496
11,11528
26,11576
23,11966
16,12367
8,5379
22,10630
3,5547
6,12448
4,10507
17,8345
32,4358
25,4364
4,4366
14,12459
7,12204
28,12330
1,4371
3,6238
21,8525
12,7177
23,4382
8,11849
12,11021
32,12433
1,4392
3,4393
12,6739
20,9744
30,6103
16,6318
31,4402
8,4940
9,8082
22,7360
24,7901
17,4412
11,8235
26,4418
22,9702
15,6690
11,4443
21,7459
7,9910
14,10198
3,11823
14,11882
9,4939
3,5176
17,6914
30,12022
14,4439
7,10352
6,4447
26,7756
7,4463
6,4464
28,4465
18,11330
26,4471
25,4473
1,5088
25,4475
1,9452
10,4480
14,4483
24,4771
27,5167
25,6020
18,11756
16,6627
7,5700
29,4492
5,4494
14,4495
10,7579
8,4500
27,6694
19,4501
10,4502
12,6663
17,10302
24,7302
18,5773
22,6350
17,6355
25,9054
28,12483
12,6674
11,4518
22,4519
5,4521
12,4525
15,8423
6,4533
22,4535
29,5369
30,4538
16,9545
21,4539
15,4541
32,8513
28,7238
11,4549
5,9993
9,11445
21,4553
12,4554
4,7249
8,10014
21,11269
15,12211
24,4561
13,4564
1,6196
14,10679
29,8716
26,8852
10,4573
9,7668
4,8795
31,4576
14,6324
16,11729
14,4578
19,4579
5,4581
10,11847
16,4584
20,8295
31,5013
31,6420
20,9322
26,10083
10,4601
24,4603
3,7198
31,10013
3,4610
7,12291
6,4614
24,10416
21,8112
29,8957
4,9212
22,12129
11,12420
1,5426
15,8169
20,8571
10,10154
19,4625
19,4627
23,4629
2,6309
32,6888
10,6504
7,11666
10,12029
26,8480
26,4639
9,12004
24,4645
14,4649
3,4651
2,4652
5,4655
6,4657
32,4661
7,4662
12,7905
6,4685
31,8209
1,4669
2,5418
3,4671
22,4672
13,4673
3,4847
5,4675
32,6184
12,4773
23,4683
19,6003
3,8063
25,9805
19,7511
13,4688
31,4942
29,4959
6,9750
25,5543
5,6186
30,6853
6,4693
8,6610
31,7385
11,7713
13,8291
31,8963
17,10202
24,11617
4,4700
16,9903
25,7041
6,4706
18,4707
14,10687
18,10784
20,4779
19,10177
18,6253
32,6916
10,4718
4,4720
3,4721
2,4722
23,5380
15,5733
1,6719
19,6748
20,8195
26,8519
24,10312
17,10313
31,10315
31,10316
16,10317
9,10318
12,11565
14,4724
26,9270
3,4730
18,4734
9,6228
27,8059
23,12114
26,11470
9,4739
9,4743
14,8474
28,9808
26,4750
14,4755
5,4757
30,4761
16,11060
6,6411
20,4772
30,5116
7,8567
7,4775
18,12425
32,4776
30,4984
3,5894
31,6024
28,10501
18,10700
7,12557
7,4780
32,4781
1,4783
10,4963
17,4788
10,4789
5,4794
8,4795
3,5511
14,9050
16,9143
17,11380
9,6483
10,7452
30,8296
13,8775
7,8958
13,9999
19,10727
27,9479
10,8528
25,9794
1,9985
28,4826
25,7085
30,4827
30,4828
23,8801
26,9905
15,10608
30,6163
32,10540
15,6370
30,6789
10,4837
32,4865
7,9968
15,10632
7,4839
10,8086
28,9513
22,6343
26,4846
5,6319
31,10803
24,12076
17,12149
6,4850
4,5625
4,11436
32,5985
14,8336
28,4867
32,4869
9,7040
20,8750
30,12327
6,5193
10,5435
23,9106
21,10073
8,11693
23,4882
3,4883
5,4884
32,4886
2,11901
12,4891
15,5181
9,11810
22,4895
10,8546
31,5898
16,6712
14,8414
30,6604
7,10514
31,11501
3,4908
11,5368
2,9285
3,9623
24,4916
30,8314
3,4920
1,6750
17,6426
32,10067
7,4928
27,4930
22,10933
27,11837
2,11024
12,6232
30,10662
7,5210
12,4938
32,7413
19,7967
26,6951
8,4944
8,9501
4,4947
6,4949
24,7431
18,8246
4,5427
30,7375
16,4958
6,4960
9,4961
18,4966
9,11151
32,4969
15,7949
11,8504
1,9490
31,10234
10,11259
7,4975
26,5055
32,4977
1,7730
28,4979
12,4980
31,5074
2,8779
24,10726
30,11205
21,4985
18,11444
6,4990
29,5001
21,6162
12,6872
20,4997
7,8719
15,5000
18,6503
23,5004
21,5832
26,7341
8,11949
29,11730
26,5014
22,5018
8,9323
26,10809
21,11702
18,11731
1,11822
14,11883
17,5100
1,6836
10,9569
29,5080
32,8462
12,5027
20,5029
29,5033
32,5034
5,5809
3,12414
28,6813
26,5040
14,5045
15,8151
1,5049
28,5050
1,9552
23,5053
16,8448
27,12560
30,5067
13,10864
20,5071
19,5075
20,5076
14,9592
8,6125
5,9877
14,7220
22,6843
22,9248
15,10165
31,7643
18,8568
14,5702
10,7749
6,11531
11,9198
9,5092
10,9933
13,9031
5,5097
4,11448
26,11619
20,7290
4,5105
22,5106
20,9955
27,5114
6,5723
14,6210
24,8240
18,8677
1,10743
11,11492
6,11994
15,5119
18,5125
11,5128
28,10341
7,10563
32,5131
10,5136
5,5138
18,6578
24,8682
14,10429
23,8694
2,5630
23,7078
1,7261
15,12185
27,10675
5,5151
9,6990
14,5345
8,5804
30,6519
2,6976
2,7007
3,7512
15,8212
26,8354
21,9437
16,9532
4,10305
27,10342
30,10525
22,11064
5,6334
26,6828
28,9100
5,5168
4,10364
1,12323
22,5905
27,5183
14,5187
13,5188
29,5192
5,8022
13,6177
12,6259
32,6812
17,8809
20,10430
13,10767
25,11318
18,11940
14,12280
27,12298
21,5198
29,5199
21,5200
10,10038
12,11987
24,6135
4,5204
10,11100
13,5213
8,5214
4,5217
9,11458
13,5219
7,5229
9,5231
2,10380
2,5233
23,9561
15,10004
31,5243
27,5246
27,5377
10,10616
26,5250
12,5539
30,5593
7,7371
4,5566
15,9742
21,5256
31,11119
4,5261
17,7003
19,11298
13,5270
29,8896
11,10090
17,5273
7,10851
23,12434
24,9674
10,7783
32,9067
5,5285
17,12231
8,10236
7,5294
18,7894
30,10146
21,11039
16,7437
24,6386
15,7324
26,10633
18,5306
27,5308
23,5309
25,7517
31,5311
6,5314
13,10266
29,10267
10,12074
29,6637
16,5322
22,5325
26,6036
26,5605
6,5977
32,9431
17,9711
30,9816
10,5330
16,5337
2,6687
26,8477
23,6710
9,10828
11,5353
20,5967
29,9228
27,11228
12,6961
12,5525
20,5607
30,11401
6,8558
11,10406
22,5371
4,5373
17,5706
2,10396
32,5381
26,5383
31,5387
16,5388
16,5390
25,5391
9,10866
21,8782
25,9257
25,10526
19,5395
2,5397
9,9861
21,9887
28,5402
31,5406
29,9813
7,10256
19,5411
26,7505
1,7355
31,9782
5,12571
21,5606
28,12383
10,5749
32,10062
18,5424
14,5428
16,9360
20,10023
14,10931
9,12449
18,7964
29,9140
25,5434
11,7439
5,11570
14,5448
3,5452
30,5455
32,9944
5,5456
6,7524
21,7855
32,6703
4,12515
18,5470
6,5472
23,8984
11,10915
7,5481
21,5487
15,6998
27,11980
17,8152
25,5492
26,9491
3,9394
6,10068
10,12194
22,5504
19,5512
19,8270
8,5518
15,5523
11,7866
18,7897
19,11387
24,11497
21,12558
17,8789
24,6623
25,9996
22,5536
12,11447
25,5542
26,5548
30,8127
31,5680
16,9175
8,9866
5,5564
5,5565
23,9579
32,5573
21,10035
15,6224
25,12451
23,5576
20,6069
3,6593
13,8193
7,8998
21,9633
20,10076
21,11763
31,12347
6,7817
8,10624
23,6910
26,11004
24,12474
14,5616
19,5589
14,7861
26,5594
11,5598
7,5600
23,7266
9,5618
22,5620
30,5623
13,6297
26,7551
21,9246
12,11142
15,5855
3,8593
5,5640
6,5641
23,5642
7,5644
18,9441
29,10957
28,12345
6,8994
18,5650
26,7419
11,9156
25,10739
16,5659
4,5663
17,7258
30,9388
23,6450
30,6280
23,6375
1,8554
4,9936
14,11603
10,7248
26,10319
12,5681
23,7045
20,5683
32,10034
3,5690
2,5694
2,5699
7,9372
8,11549
25,9306
14,10973
26,5708
21,5711
10,7747
31,8051
6,9723
3,11396
10,12008
31,5713
19,9827
14,5721
15,10141
17,9173
4,10757
13,5728
8,11300
5,11422
16,5743
21,12365
14,10390
10,6607
1,5799
4,7890
29,7958
32,8019
6,8545
30,10188
2,10469
13,11602
6,5769
27,11527
27,6484
31,5775
15,11011
4,11456
30,7581
21,8870
7,5780
8,5782
19,5785
26,6391
21,11164
1,5800
10,5801
25,12257
14,6195
18,7263
29,8439
29,10756
7,12331
10,5817
7,11608
7,8300
14,10088
3,7274
7,7840
20,8304
1,5836
9,6302
32,6804
6,7246
3,7561
27,10261
5,7661
18,5853
31,8334
3,10875
6,10279
5,5865
10,10833
24,9741
31,5879
30,6148
25,7393
9,9271
22,10556
6,11355
26,11982
18,5893
3,5896
32,5900
28,5904
9,10101
6,11903
9,5916
11,5917
13,9030
28,7143
11,8272
21,6839
28,5929
17,5931
23,5933
23,10118
21,10515
8,5942
21,9386
23,6129
14,5945
26,6931
32,10782
5,5948
24,7899
30,5961
29,10517
32,6075
19,5966
3,5968
26,10187
5,5973
5,7673
25,11486
1,7554
14,11150
31,5986
9,6104
24,11964
11,6002
5,12133
3,6019
32,7470
1,11321
20,6035
23,6038
23,6043
8,6044
31,11498
11,6048
31,6049
12,12548
5,6051
31,7049
17,6060
28,6066
28,6067
14,7398
28,8194
15,6073
16,7036
21,10037
20,6078
21,11261
14,12199
20,6097
2,9137
12,6100
29,6105
26,6876
23,6110
1,6114
29,6124
23,6727
2,6134
16,6137
13,7881
24,7956
24,12057
11,7141
3,7663
22,6151
23,6383
8,6152
20,6153
7,6692
3,9566
16,6154
20,6158
31,7826
30,10889
4,6181
19,6182
17,7462
24,10839
1,6190
4,8365
25,6191
12,6198
32,6209
19,6217
3,9076
1,6226
15,6229
25,7426
3,10477
30,11217
6,6240
27,6243
21,8854
17,9726
30,10770
11,6251
7,11912
5,6258
31,6262
14,6263
7,12016
14,6265
1,6266
6,9679
12,10981
4,6273
24,9210
28,6294
28,6296
24,8735
32,9946
21,7389
4,6308
32,6312
7,10036
7,6329
1,6342
21,12025
32,6353
3,6363
19,6364
5,8940
30,6388
8,9884
21,7130
27,7442
18,8583
28,8729
31,9439
16,9440
9,6394
6,6546
30,7688
10,8810
11,9829
9,6405
13,10106
3,7543
5,10206
9,6634
27,10731
4,10740
29,6429
31,6583
4,10636
3,12521
5,6713
5,8104
24,8886
4,8979
7,9821
11,10142
8,10173
5,11938
18,12179
29,12368
31,6462
4,6465
24,6468
29,6471
20,11979
32,6473
3,9172
17,6479
9,11430
13,7225
25,10844
22,12487
16,10478
29,6500
30,10611
10,6510
1,6515
26,10138
8,12463
4,11936
29,12484
12,6530
9,9225
20,6534
16,6963
15,6542
31,7550
24,6548
20,6551
16,6695
20,6558
18,6562
20,6567
11,6574
15,11544
7,6581
10,6585
17,6587
24,6589
19,6590
29,12100
16,6600
8,10168
12,6612
13,12361
6,7789
22,6624
13,6629
31,6630
29,6631
17,6632
27,12485
9,9397
25,6639
15,6652
25,9020
8,10777
14,6659
16,6664
27,6666
30,6668
3,8325
13,6689
17,6771
14,8673
27,6696
24,6700
24,6711
11,9280
15,6706
10,6869
8,8333
31,11479
18,6728
20,6736
11,6762
23,6779
9,6745
24,10208
22,7755
6,8972
8,10139
16,6757
15,6758
1,6763
31,8080
7,8259
9,8931
12,11734
22,12190
3,12513
9,6769
25,9547
15,10488
26,6773
6,7009
9,9289
17,9170
29,6787
20,9541
32,6792
7,11961
27,6797
30,6807
24,7679
14,6808
8,8491
15,9963
23,12287
31,6815
4,6818
28,8717
7,9026
20,10251
10,10597
8,6841
19,8113
17,6852
16,10152
30,6854
7,10639
19,11162
7,6864
31,6870
1,7149
1,8264
5,10882
10,11127
17,11718
2,9559
29,6886
16,6898
8,11770
24,10891
13,12305
32,6918
5,10129
21,7353
15,9283
27,10984
20,11715
18,6930
23,6932
27,7546
5,6939
1,9233
2,6942
23,6944
17,10530
17,11620
21,8116
23,11279
3,7112
28,6953
22,12147
4,10916
28,10922
26,6967
14,6968
12,6979
28,11992
11,6986
28,6987
4,6988
2,6992
9,10235
4,6996
7,6999
30,9899
18,7005
2,7008
17,7012
3,10677
24,11270
11,7019
7,8142
25,9818
13,8332
30,7028
9,7032
29,7035
18,7037
32,12394
32,7047
14,7050
22,12551
3,7054
9,7058
16,11553
16,8952
21,10283
11,7067
26,7076
16,7086
14,10806
28,7087
25,7096
17,7105
2,10721
22,7936
2,10448
3,11153
6,7134
5,10402
26,7160
17,9520
12,7164
18,10398
29,7173
9,8297
27,12442
26,9636
27,7184
27,7185
25,7907
8,10182
16,10895
28,7192
16,7199
31,8385
11,10702
5,10811
9,11101
5,11454
20,10737
23,7210
32,7223
12,12083
8,7237
1,9164
2,7241
9,7242
4,7255
7,8505
13,10301
30,7670
24,8819
25,7480
15,7444
21,8056
1,8220
10,8456
14,8488
28,8936
5,9057
6,9876
4,9895
20,9921
1,10099
20,10120
19,11171
12,11373
24,11581
28,11653
17,12426
11,12439
19,7272
17,7276
23,10223
26,9152
18,9701
24,9264
2,7307
21,7312
31,7322
15,7340
18,7349
23,7350
8,9758
1,11977
11,7356
8,7357
11,8358
24,10082
4,7526
15,11709
30,7364
7,8969
3,9165
30,11338
26,7377
22,10689
10,8766
18,7381
17,7382
27,7384
28,7390
3,7392
11,7748
19,9276
28,9042
29,9043
11,9044
30,10901
18,10902
10,10903
13,10904
3,10906
32,10907
20,10908
4,10909
10,10911
28,10913
15,11450
1,11669
32,11830
29,11955
30,12018
6,12127
32,12158
28,12188
32,12277
21,12282
6,12314
17,10709
6,7835
32,10965
13,9720
8,10063
11,12165
32,12333
4,7420
7,7820
10,8361
2,9201
24,9442
19,9624
15,7433
27,11384
18,8249
3,7454
31,8910
27,7458
30,8618
13,9779
28,10221
29,10713
10,11537
25,11951
3,12398
9,10474
20,7468
3,11851
30,7471
25,9273
20,7476
3,8198
25,8204
32,8582
11,7492
3,9697
32,8120
15,10823
10,9504
9,7518
16,8781
2,10250
28,11155
30,7527
29,10463
14,9589
32,11122
27,11547
9,11721
30,7565
8,7568
4,11252
27,7573
17,10867
29,12249
30,7592
26,11985
17,7602
32,8736
23,9734
9,10156
19,11455
25,8699
2,7636
19,7659
4,8493
5,7652
18,10522
18,12440
14,7664
26,7672
1,10007
16,7680
22,9638
31,9809
13,7694
3,7698
31,7700
8,10057
12,7852
28,7705
15,8526
15,8088
23,11235
32,12446
12,7753
20,8015
25,10117
28,10308
19,10667
16,10849
5,7714
6,10201
8,7760
6,8215
24,9127
12,7790
10,11644
9,12213
29,7800
24,12153
3,10944
29,7784
8,7862
25,8315
28,8570
20,11995
28,8561
26,11116
27,9904
7,7825
22,8993
9,9598
22,10829
12,12181
9,12295
1,12370
31,7831
1,7834
28,8391
18,10607
16,12102
32,8877
23,10171
24,7871
5,7876
15,8050
3,9018
15,8614
24,9345
31,7918
6,9351
26,8027
28,8953
13,10265
18,7951
24,8449
32,9982
13,7974
17,7978
27,7979
20,10683
6,10684
4,9136
9,12284
18,12124
12,8838
9,10293
17,8018
12,11293
5,11552
2,8030
28,11687
4,9016
25,8073
19,8666
9,8481
7,9660
22,8081
23,11478
30,8094
21,11842
29,11613
24,10518
17,8121
9,9443
10,8132
8,9363
9,11781
23,11092
25,8427
3,8569
10,10604
31,8180
6,8183
19,8906
16,11129
17,11053
27,10480
32,10712
29,8697
31,12337
2,11213
24,8217
3,10652
26,8223
11,9266
11,11495
1,8236
1,8250
1,8258
31,11792
21,11480
29,11379
23,8298
6,11909
6,9153
32,12032
13,8311
15,11504
22,9588
6,8340
17,8341
32,8347
4,8359
23,10941
18,8377
19,8380
8,8393
13,8394
19,9846
4,11148
12,8407
21,8409
28,8422
15,8432
14,12142
7,8440
25,8445
15,8446
7,12392
26,11802
13,9230
28,8459
23,8577
3,8468
2,11598
28,8635
3,8482
15,11747
10,12317
25,12432
20,9205
27,9299
24,9529
23,9657
18,10080
10,10596
10,10698
25,11389
23,11524
29,10781
29,9646
3,9850
17,8515
24,10384
17,8573
31,9849
30,9630
9,12258
13,10020
5,11800
3,8620
26,10548
1,10238
25,11429
29,12519
2,8645
20,9525
32,9706
16,8657
30,9671
24,8667
3,12303
25,8702
16,11199
26,9167
10,8713
26,8714
4,9819
2,8733
16,9159
32,8738
30,8740
18,11432
16,9419
22,12239
2,11614
14,11974
20,12128
11,12193
27,10332
24,10222
13,10854
21,8808
25,9610
5,11652
17,11880
26,10830
25,11471
16,11037
10,11838
23,8890
8,8827
13,9075
15,8841
23,8842
6,8978
25,8857
16,10800
10,8874
26,11347
32,8878
9,8883
24,9202
18,11322
25,8904
14,10292
20,8912
7,9979
1,12272
30,8955
1,8956
25,12186
11,9122
21,12545
17,8985
15,8995
6,11590
11,11722
8,9039
22,9046
20,9048
31,9053
29,9058
1,9060
13,9128
20,10289
6,10291
6,10366
3,10935
15,12353
32,12404
3,11466
24,9090
23,9091
20,11233
16,9144
4,9150
7,11068
22,9157
4,11817
5,9177
23,9185
29,12163
15,9199
12,9216
13,9232
30,9238
18,9236
24,9268
6,9390
7,10214
11,10980
4,11187
3,11427
11,11428
17,12572
23,10710
17,9282
22,10711
26,9304
32,9746
21,9331
28,9334
24,9640
12,9361
16,10723
7,11765
15,9383
23,9392
29,9420
19,12389
27,9495
20,9445
15,11452
10,12000
31,9650
28,12097
7,11056
16,10343
19,11950
12,11183
23,10310
30,9510
16,9523
26,9556
9,11159
32,12260
16,12310
26,9581
21,9604
9,9605
26,10296
10,9627
4,9629
17,10705
21,10858
19,12244
24,10110
3,9760
9,9780
21,10531
22,11287
4,11592
8,12393
5,9847
13,11388
7,9870
1,9881
20,9883
23,12407
19,10559
31,11656
13,9920
17,11211
15,12467
6,9942
25,10555
14,9945
21,11986
18,10789
3,11978
29,10892
11,11082
12,11661
1,9991
28,10447
32,12252
20,10000
19,11674
3,10005
28,11006
7,10021
25,10027
32,10064
15,10089
29,10094
12,10119
21,11104
29,12315
31,11667
11,10185
16,10668
30,10207
23,11917
32,10937
12,12316
29,10247
24,10504
26,11699
17,11594
10,10263
28,10273
14,11485
21,10500
7,12087
14,12040
16,10885
6,11194
1,11577
3,10868
9,11227
29,12250
10,12444
1,12517
28,11862
24,11945
29,12061
8,10527
12,10745
26,10564
7,12240
22,10584
9,10653
4,10660
13,11065
9,10685
16,10744
9,10769
1,11242
9,10778
26,12125
10,11392
4,11946
7,10794
31,11407
11,10810
21,10814
15,10816
16,11615
21,10918
17,10928
25,10932
18,12171
26,10894
25,11869
13,10896
17,10923
22,10924
21,10926
29,10899
15,10900
27,10912
19,12115
24,10930
30,11714
32,12065
32,10998
14,11937
9,12435
32,12549
22,10949
2,10954
10,11223
26,12183
9,11023
9,11706
4,11030
29,12357
23,11378
20,11140
18,11707
8,11156
12,11921
3,12535
1,11260
5,11895
16,11941
18,12424
26,11361
4,11648
14,12390
9,11402
30,12220
1,11426
32,11963
28,11451
32,11679
32,11505
9,11559
8,12215
32,11680
31,11841
9,11793
10,11751
25,11760
18,12077
18,11868
28,11915
14,11918
8,11956
16,12502
32,12036
15,12174
28,12510
2,12360
16,12318