from,to
0,1773
0,1817
0,2428
0,3719
0,4426
0,8214
0,9148
1773,1488
1773,1898
1773,2285
1773,3301
1773,3332
1773,3366
1773,4560
1773,7475
1773,8028
1817,1024
1817,2326
1817,3238
1817,3253
1817,3366
1817,3694
1817,3963
1817,4560
1817,4878
1817,5569
1817,7252
1817,10382
1817,11040
2428,2346
2428,4560
2428,5137
2428,5432
2428,5662
2428,6913
2428,8609
2428,9675
3719,850
3719,1287
3719,2035
3719,2611
3719,2764
3719,3366
3719,3482
3719,4005
3719,4560
3719,4590
3719,4723
3719,5882
3719,6874
3719,7271
3719,7711
3719,8172
3719,8281
3719,8401
3719,9110
3719,10655
3719,11274
3719,11881
3719,12159
4426,1898
4426,3366
4426,6147
4426,8028
8214,1533
8214,2096
8214,2202
8214,2400
8214,2438
8214,2589
8214,2598
8214,2614
8214,2670
8214,3238
8214,3253
8214,3366
8214,3620
8214,3963
8214,4164
8214,4560
8214,4878
8214,5569
8214,5636
8214,5689
8214,6418
8214,6615
8214,7030
8214,7071
8214,7218
8214,7465
8214,7640
8214,8042
8214,8375
8214,8441
8214,9535
8214,10547
8214,10553
8214,11041
8214,11213
8214,11658
8214,11681
9148,639
9148,2581
9148,3366
9148,4560
9148,5296
9148,5526
9148,7563
9148,10669
9148,10817
9148,10825
1488,7465
1898,1347
1898,5596
1898,7451
3301,269
3301,12472
3301,7020
3301,9578
3301,533
3301,1760
3301,6392
3301,6448
3301,7711
3301,3850
3301,531
3301,7465
3301,6393
3332,269
3366,1347
3366,5596
3366,7451
3366,15
3366,764
3366,1517
3366,1825
3366,2025
3366,2201
3366,2335
3366,2415
3366,2523
3366,2581
3366,2784
3366,3575
3366,4462
3366,4925
3366,4981
3366,5763
3366,6406
3366,6662
3366,6667
3366,7252
3366,7563
3366,7655
3366,8133
3366,8225
3366,8441
3366,8612
3366,8884
3366,10298
3366,11041
3366,11203
3366,11840
3366,12218
4560,3526
4560,7265
4560,15
4560,286
4560,300
4560,587
4560,775
4560,980
4560,1016
4560,1183
4560,1378
4560,1532
4560,1576
4560,1696
4560,1769
4560,1825
4560,2068
4560,2295
4560,2366
4560,2422
4560,2808
4560,3191
4560,3194
4560,3200
4560,3253
4560,3329
4560,3651
4560,3978
4560,5327
4560,5603
4560,5608
4560,5704
4560,5925
4560,6250
4560,6684
4560,7030
4560,7092
4560,7249
4560,7252
4560,7563
4560,7655
4560,8368
4560,8907
4560,9179
4560,9681
4560,9796
4560,10014
4560,10472
4560,10572
4560,10694
4560,11040
4560,11106
4560,11172
4560,11269
4560,11303
4560,11433
4560,11616
4560,11628
4560,11704
4560,12211
4560,12218
4560,12313
4560,12567
7475,1739
8028,6790
8028,3842
8028,4955
8028,7711
8028,3850
8028,58
8028,7465
8028,7563
8028,9294
8028,12176
8028,20
8028,518
2326,12472
2326,2433
2326,3258
3238,1347
3238,5596
3238,7451
3238,1235
3238,4955
3238,5414
3238,5157
3238,5636
3238,11041
3238,1437
3238,3253
3253,12472
3253,450
3253,7711
3253,9294
3253,20
3253,296
3253,330
3253,425
3253,617
3253,1033
3253,1076
3253,1600
3253,1850
3253,2003
3253,2292
3253,2459
3253,2473
3253,2564
3253,2930
3253,3441
3253,3546
3253,4068
3253,4164
3253,4258
3253,4666
3253,4835
3253,4952
3253,5002
3253,5007
3253,5083
3253,5571
3253,5750
3253,5755
3253,5781
3253,5886
3253,6173
3253,6357
3253,6490
3253,6975
3253,7195
3253,7334
3253,7638
3253,7765
3253,7774
3253,7812
3253,7870
3253,7915
3253,8281
3253,8374
3253,8392
3253,8669
3253,9214
3253,9313
3253,9378
3253,9540
3253,9577
3253,9954
3253,11040
3253,11522
3253,11610
3253,11919
3253,12170
3253,12218
5569,450
5569,20
11040,12472
11040,450
11040,9294
11040,20
11040,2433
2346,5552
2346,6392
5137,3526
5432,5157
5432,3850
8609,2456
8609,2670
8609,8646
8609,7465
9675,7020
9675,7823
9675,8363
850,3526
850,4955
850,9977
850,1739
850,5654
850,6393
1287,3526
1287,4955
1287,7711
1287,10176
1287,9294
2035,3526
2611,831
2764,3526
2764,5157
2764,1179
3482,269
3482,3526
3482,6783
3482,1048
3482,4955
3482,5687
3482,7265
3482,7711
3482,5157
3482,5431
3482,9294
4005,6654
4005,3526
4005,5687
4005,2070
4590,831
4723,6654
4723,3526
4723,4955
4723,1982
4723,9294
5882,7563
5882,8066
6874,6790
6874,3526
7271,269
7271,6654
7271,3526
7271,9119
7271,10553
7271,831
7271,1201
7271,4955
7271,5687
7271,6352
7271,6448
7271,7351
7271,7362
7271,7711
7271,531
7271,1982
7271,2070
7271,5431
7271,5654
7271,9294
7271,12176
7711,1347
7711,7451
7711,269
7711,2891
7711,6654
7711,7190
7711,9573
7711,12472
7711,2456
7711,3526
7711,5130
7711,7020
7711,8646
7711,7224
7711,6
7711,533
7711,831
7711,3842
7711,4066
7711,5451
7711,6448
7711,6954
7711,7
7711,41
7711,47
7711,58
7711,95
7711,114
7711,122
7711,143
7711,148
7711,158
7711,169
7711,199
7711,207
7711,212
7711,217
7711,240
7711,241
7711,328
7711,330
7711,358
7711,366
7711,371
7711,386
7711,425
7711,449
7711,460
7711,466
7711,467
7711,497
7711,522
7711,531
7711,563
7711,593
7711,597
7711,640
7711,681
7711,703
7711,711
7711,721
7711,755
7711,765
7711,796
7711,821
7711,829
7711,840
7711,851
7711,852
7711,873
7711,881
7711,882
7711,893
7711,895
7711,900
7711,936
7711,943
7711,986
7711,1007
7711,1016
7711,1017
7711,1021
7711,1044
7711,1068
7711,1101
7711,1111
7711,1116
7711,1120
7711,1123
7711,1125
7711,1160
7711,1183
7711,1192
7711,1218
7711,1219
7711,1242
7711,1244
7711,1247
7711,1290
7711,1322
7711,1337
7711,1340
7711,1352
7711,1425
7711,1437
7711,1443
7711,1446
7711,1447
7711,1456
7711,1517
7711,1518
7711,1521
7711,1543
7711,1546
7711,1572
7711,1600
7711,1604
7711,1680
7711,1710
7711,1731
7711,1744
7711,1765
7711,1873
7711,1878
7711,1912
7711,1933
7711,1937
7711,1945
7711,1958
7711,1989
7711,2037
7711,2039
7711,2042
7711,2055
7711,2057
7711,2105
7711,2107
7711,2128
7711,2141
7711,2196
7711,2228
7711,2235
7711,2237
7711,2241
7711,2243
7711,2259
7711,2280
7711,2284
7711,2302
7711,2312
7711,2319
7711,2399
7711,2400
7711,2410
7711,2422
7711,2427
7711,2433
7711,2483
7711,2485
7711,2497
7711,2520
7711,2523
7711,2536
7711,2565
7711,2601
7711,2616
7711,2619
7711,2625
7711,2648
7711,2661
7711,2672
7711,2675
7711,2681
7711,2696
7711,2714
7711,2720
7711,2748
7711,2771
7711,2801
7711,2844
7711,2846
7711,2874
7711,2885
7711,2887
7711,2901
7711,2907
7711,2932
7711,2953
7711,2957
7711,2958
7711,2970
7711,2986
7711,3012
7711,3054
7711,3057
7711,3059
7711,3074
7711,3097
7711,3099
7711,3133
7711,3138
7711,3152
7711,3154
7711,3158
7711,3176
7711,3179
7711,3183
7711,3213
7711,3222
7711,3232
7711,3251
7711,3258
7711,3260
7711,3276
7711,3296
7711,3297
7711,3311
7711,3333
7711,3364
7711,3382
7711,3428
7711,3444
7711,3466
7711,3476
7711,3545
7711,3574
7711,3579
7711,3586
7711,3618
7711,3662
7711,3670
7711,3685
7711,3697
7711,3733
7711,3746
7711,3799
7711,3807
7711,3824
7711,3835
7711,3844
7711,3845
7711,3850
7711,3851
7711,3863
7711,3869
7711,3883
7711,3914
7711,3938
7711,3952
7711,3966
7711,3975
7711,3982
7711,3993
7711,4002
7711,4056
7711,4105
7711,4125
7711,4142
7711,4161
7711,4184
7711,4192
7711,4240
7711,4244
7711,4247
7711,4249
7711,4250
7711,4343
7711,4377
7711,4383
7711,4388
7711,4415
7711,4417
7711,4437
7711,4454
7711,4462
7711,4493
7711,4545
7711,4574
7711,4592
7711,4604
7711,4607
7711,4611
7711,4616
7711,4620
7711,4680
7711,4695
7711,4712
7711,4715
7711,4736
7711,4745
7711,4753
7711,4754
7711,4769
7711,4777
7711,4792
7711,4811
7711,4814
7711,4841
7711,4857
7711,4914
7711,4915
7711,4926
7711,4941
7711,4971
7711,4981
7711,5019
7711,5035
7711,5036
7711,5060
7711,5082
7711,5083
7711,5120
7711,5135
7711,5139
7711,5157
7711,5160
7711,5164
7711,5218
7711,5224
7711,5225
7711,5241
7711,5245
7711,5257
7711,5284
7711,5302
7711,5334
7711,5358
7711,5377
7711,5385
7711,5396
7711,5399
7711,5412
7711,5441
7711,5453
7711,5488
7711,5491
7711,5497
7711,5510
7711,5546
7711,5554
7711,5559
7711,5619
7711,5637
7711,5655
7711,5682
7711,5694
7711,5755
7711,5770
7711,5777
7711,5794
7711,5816
7711,5845
7711,5886
7711,5907
7711,5915
7711,5919
7711,5987
7711,6034
7711,6118
7711,6132
7711,6133
7711,6148
7711,6160
7711,6170
7711,6175
7711,6178
7711,6188
7711,6249
7711,6281
7711,6335
7711,6345
7711,6396
7711,6476
7711,6495
7711,6538
7711,6622
7711,6660
7711,6661
7711,6662
7711,6675
7711,6684
7711,6693
7711,6698
7711,6709
7711,6723
7711,6732
7711,6742
7711,6766
7711,6782
7711,6845
7711,6880
7711,6912
7711,6929
7711,6994
7711,7025
7711,7051
7711,7079
7711,7089
7711,7113
7711,7175
7711,7201
7711,7218
7711,7256
7711,7273
7711,7306
7711,7348
7711,7398
7711,7400
7711,7406
7711,7421
7711,7465
7711,7495
7711,7503
7711,7508
7711,7531
7711,7542
7711,7555
7711,7562
7711,7586
7711,7612
7711,7619
7711,7620
7711,7624
7711,7625
7711,7650
7711,7683
7711,7701
7711,7706
7711,7718
7711,7753
7711,7758
7711,7765
7711,7767
7711,7779
7711,7780
7711,7811
7711,7848
7711,7870
7711,7913
7711,7933
7711,7973
7711,7992
7711,7993
7711,8013
7711,8015
7711,8024
7711,8045
7711,8060
7711,8062
7711,8077
7711,8100
7711,8115
7711,8224
7711,8225
7711,8227
7711,8252
7711,8257
7711,8281
7711,8327
7711,8363
7711,8364
7711,8367
7711,8373
7711,8374
7711,8375
7711,8411
7711,8575
7711,8585
7711,8724
7711,8778
7711,8830
7711,8839
7711,8843
7711,8875
7711,8879
7711,8884
7711,8897
7711,8941
7711,8942
7711,8966
7711,8970
7711,8981
7711,8990
7711,9024
7711,9065
7711,9097
7711,9132
7711,9145
7711,9168
7711,9184
7711,9186
7711,9189
7711,9219
7711,9249
7711,9258
7711,9309
7711,9325
7711,9330
7711,9349
7711,9391
7711,9461
7711,9467
7711,9516
7711,9535
7711,9564
7711,9574
7711,9595
7711,9597
7711,9603
7711,9641
7711,9742
7711,9753
7711,9783
7711,9795
7711,9828
7711,9833
7711,9844
7711,9868
7711,9897
7711,9928
7711,9930
7711,9954
7711,9966
7711,10008
7711,10015
7711,10039
7711,10053
7711,10104
7711,10105
7711,10114
7711,10117
7711,10126
7711,10159
7711,10160
7711,10198
7711,10209
7711,10215
7711,10230
7711,10246
7711,10252
7711,10262
7711,10298
7711,10308
7711,10336
7711,10359
7711,10413
7711,10426
7711,10442
7711,10456
7711,10461
7711,10489
7711,10506
7711,10516
7711,10539
7711,10574
7711,10588
7711,10599
7711,10667
7711,10714
7711,10808
7711,10832
7711,10849
7711,10874
7711,10883
7711,10974
7711,10976
7711,10977
7711,10989
7711,11000
7711,11017
7711,11059
7711,11073
7711,11094
7711,11154
7711,11195
7711,11212
7711,11216
7711,11225
7711,11237
7711,11240
7711,11253
7711,11256
7711,11274
7711,11291
7711,11295
7711,11398
7711,11435
7711,11490
7711,11491
7711,11499
7711,11509
7711,11512
7711,11515
7711,11538
7711,11587
7711,11610
7711,11651
7711,11676
7711,11776
7711,11798
7711,11910
7711,11914
7711,12003
7711,12037
7711,12110
7711,12119
7711,12139
7711,12146
7711,12160
7711,12286
7711,12304
7711,12308
7711,12380
7711,12482
7711,12511
7711,12532
7711,12541
8172,58
8172,1982
8281,269
8281,6654
8281,6790
8281,979
8281,3526
8281,5591
8281,7020
8281,1048
8281,3842
8281,4955
8281,5145
8281,5414
8281,5687
8281,7362
8281,10176
8281,1827
8281,11000
8281,5157
8281,5431
8281,7563
8281,9294
9110,6654
9110,6790
9110,979
9110,7020
9110,5145
9110,5687
9110,6954
9110,10176
9110,5431
9110,9294
10655,1505
10655,5431
10655,12276
11274,3526
11881,12472
11881,979
11881,2456
11881,8646
11881,2560
11881,7465
6147,7020
1533,2598
1533,5636
1533,11041
2096,11041
2202,6654
2202,12140
2202,7465
2400,626
2400,269
2400,6654
2400,2456
2400,8646
2400,533
2400,1235
2400,5687
2400,6392
2400,531
2400,4394
2400,7465
2400,2433
2400,3258
2438,269
2438,790
2438,2891
2438,6149
2438,6654
2438,6790
2438,7190
2438,9377
2438,9573
2438,12472
2438,450
2438,979
2438,2670
2438,6862
2438,9578
2438,11000
2438,10128
2438,7465
2438,3258
2589,12472
2589,8134
2598,3526
2598,6
2598,1235
2598,143
2598,887
2598,1092
2598,2614
2598,3099
2598,3231
2598,3723
2598,3807
2598,4609
2598,5196
2598,5389
2598,5636
2598,5744
2598,5750
2598,6117
2598,6225
2598,6615
2598,7071
2598,7081
2598,7515
2598,7965
2598,8042
2598,8122
2598,8375
2598,10270
2598,11041
2598,11144
2598,11230
2598,11354
2598,11681
2598,12146
2598,12354
2614,11041
2670,3
2670,78
2670,362
2670,401
2670,545
2670,650
2670,771
2670,888
2670,1063
2670,1106
2670,1137
2670,1217
2670,1220
2670,1230
2670,1336
2670,1658
2670,1854
2670,1863
2670,1977
2670,2241
2670,2838
2670,3037
2670,3175
2670,3226
2670,3382
2670,3617
2670,3876
2670,4229
2670,4284
2670,4763
2670,4948
2670,5078
2670,5115
2670,5169
2670,5203
2670,5218
2670,5331
2670,5338
2670,5664
2670,5726
2670,5750
2670,5880
2670,5958
2670,7285
2670,7450
2670,7465
2670,7682
2670,7819
2670,8072
2670,8373
2670,8563
2670,8701
2670,8721
2670,8879
2670,8988
2670,9245
2670,9526
2670,9659
2670,9731
2670,9886
2670,9916
2670,9966
2670,10109
2670,10387
2670,10485
2670,10688
2670,10827
2670,10883
2670,11173
2670,11215
2670,11521
2670,11529
2670,11604
2670,11633
2670,11651
2670,11813
2670,12536
3620,12472
3620,10128
3620,10717
3620,10808
3620,3258
4164,3526
4164,5687
4164,58
4164,11041
4164,3493
4164,20
5636,17
5636,1151
5636,2467
5636,2904
5636,3414
5636,5750
5636,6615
5636,7071
5636,7765
5636,8592
5636,11681
5689,269
5689,790
5689,6654
5689,6790
5689,979
5689,6862
5689,7020
5689,12140
5689,5157
5689,3258
6615,1347
6615,11041
7071,1264
7071,11041
7218,450
7218,5145
7218,7563
7218,8134
7465,269
7465,6654
7465,8646
7465,533
7465,3009
7465,7362
7465,8643
7465,15
7465,1336
7465,79
7465,154
7465,211
7465,255
7465,291
7465,330
7465,348
7465,362
7465,520
7465,545
7465,563
7465,592
7465,650
7465,740
7465,771
7465,931
7465,1106
7465,1135
7465,1220
7465,1270
7465,1276
7465,1342
7465,1370
7465,1414
7465,1504
7465,1518
7465,1548
7465,1564
7465,1599
7465,1664
7465,1678
7465,1761
7465,1835
7465,1854
7465,1863
7465,1873
7465,1977
7465,2014
7465,2057
7465,2167
7465,2241
7465,2269
7465,2302
7465,2399
7465,2416
7465,2443
7465,2497
7465,2498
7465,2559
7465,2588
7465,2601
7465,2612
7465,2701
7465,2740
7465,2763
7465,2835
7465,2948
7465,2975
7465,3125
7465,3232
7465,3294
7465,3316
7465,3331
7465,3382
7465,3390
7465,3446
7465,3476
7465,3539
7465,3574
7465,3617
7465,3635
7465,3689
7465,4002
7465,4040
7465,4119
7465,4229
7465,4235
7465,4313
7465,4354
7465,4380
7465,4634
7465,4763
7465,4825
7465,4837
7465,4875
7465,4906
7465,4941
7465,5042
7465,5086
7465,5115
7465,5224
7465,5313
7465,5331
7465,5347
7465,5603
7465,5665
7465,5678
7465,5739
7465,5750
7465,5863
7465,5880
7465,5962
7465,6021
7465,6121
7465,6402
7465,6454
7465,6503
7465,6564
7465,6689
7465,6698
7465,6786
7465,6880
7465,6899
7465,6906
7465,6981
7465,7095
7465,7191
7465,7270
7465,7308
7465,7314
7465,7534
7465,7632
7465,7650
7465,7669
7465,7683
7465,7773
7465,7819
7465,7844
7465,7879
7465,7934
7465,8115
7465,8123
7465,8224
7465,8240
7465,8244
7465,8305
7465,8328
7465,8346
7465,8373
7465,8415
7465,8458
7465,8513
7465,8535
7465,8563
7465,8592
7465,8618
7465,8662
7465,8677
7465,8701
7465,8879
7465,8884
7465,8965
7465,9052
7465,9099
7465,9245
7465,9330
7465,9467
7465,9526
7465,9779
7465,9789
7465,9799
7465,9868
7465,9930
7465,9943
7465,9966
7465,9969
7465,10122
7465,10221
7465,10227
7465,10359
7465,10387
7465,10393
7465,10456
7465,10485
7465,10617
7465,10713
7465,10743
7465,10771
7465,10883
7465,10939
7465,10978
7465,11010
7465,11017
7465,11176
7465,11339
7465,11521
7465,11523
7465,11537
7465,11572
7465,11633
7465,11651
7465,11664
7465,11951
7465,11968
7465,12038
7465,12053
7465,12271
7465,12380
7465,12398
7640,5667
7640,3258
8042,7563
8375,10553
8375,58
8375,8441
8441,58
8441,18
8441,117
8441,1897
8441,1960
8441,2335
8441,3662
8441,3742
8441,6849
8441,10232
8441,12223
9535,12472
9535,3526
9535,12276
9535,1437
10547,7020
10547,5552
10547,6392
10553,5
10553,14
10553,355
10553,741
10553,1095
10553,1221
10553,1332
10553,1373
10553,1527
10553,1849
10553,3034
10553,3163
10553,3583
10553,3746
10553,3811
10553,3967
10553,4055
10553,4278
10553,4412
10553,4488
10553,4519
10553,4933
10553,5420
10553,5441
10553,5750
10553,5906
10553,6085
10553,6121
10553,6278
10553,6317
10553,6339
10553,6461
10553,6544
10553,6612
10553,6698
10553,6763
10553,6999
10553,7078
10553,7134
10553,7167
10553,7180
10553,7541
10553,7700
10553,7888
10553,8186
10553,8779
10553,9113
10553,9206
10553,9294
10553,9522
10553,9714
10553,9839
10553,10113
10553,10123
10553,10207
10553,10668
10553,10745
10553,11286
10553,11420
10553,11627
10553,11673
10553,11744
10553,11746
11041,17
11041,442
11041,1151
11041,2321
11041,2467
11041,2607
11041,2650
11041,2904
11041,3414
11041,3464
11041,3723
11041,3863
11041,4703
11041,5867
11041,7481
11041,7741
11041,8077
11041,8131
11041,9822
11041,10876
11041,11658
11041,11681
11041,12146
11658,5596
11658,5157
11681,20
2581,6790
2581,3526
2581,3842
5296,3842
5296,5145
5296,3258
5526,6654
5526,12472
5526,7351
5526,11772
7563,3526
7563,3842
7563,15
7563,1084
7563,2405
7563,3055
7563,4120
7563,5420
7563,5755
7563,6256
7563,6784
7563,7289
7563,7308
7563,7608
7563,8186
7563,8542
7563,8820
7563,9749
7563,10458
7563,10490
7563,12003
1,626
1,1347
1,3370
1,5596
1,7451
626,8131
626,10124
626,10499
626,12274
626,12550
1347,17
1347,552
1347,1151
1347,1244
1347,1604
1347,2467
1347,3382
1347,3414
1347,4247
1347,4741
1347,5042
1347,5867
1347,6766
1347,7765
1347,8131
1347,10232
1347,11046
3370,5291
3370,7510
3370,8817
3370,10169
3370,10347
3370,11050
3370,11835
5596,17
5596,254
5596,552
5596,980
5596,1151
5596,1443
5596,1701
5596,1893
5596,2129
5596,2467
5596,2650
5596,3414
5596,3863
5596,5992
5596,6766
5596,6881
5596,8131
5596,8329
5596,8792
5596,10649
7451,17
7451,552
7451,1115
7451,1151
7451,1244
7451,1604
7451,1701
7451,1893
7451,2129
7451,2467
7451,2650
7451,3382
7451,3414
7451,3464
7451,3863
7451,5042
7451,6766
7451,6880
7451,6881
7451,8131
7451,8792
7451,10649
7451,11046
10124,8486
10124,1431
12274,450
12274,831
12274,5414
12274,6352
17,10649
17,12276
552,694
1244,2456
1244,8646
1244,58
1244,467
1244,900
1604,12472
1604,979
1604,4955
1604,3258
2467,5157
2467,531
3382,2456
3382,8646
3414,531
4247,2456
4741,694
5042,12472
5042,979
5042,2456
5042,3526
5042,5130
5042,7020
5042,8646
5042,7224
5042,533
5042,831
5042,5451
5042,6954
5042,8363
5042,3059
5042,467
5042,900
5042,1437
5042,3258
5867,450
6766,10881
6766,11574
6766,3526
6766,7224
6766,831
6766,7684
6766,1646
6766,6481
6766,6955
6766,8530
7765,2456
7765,7224
254,1437
254,1678
980,467
1443,790
1443,9377
1443,9573
1443,450
1443,2456
1443,10688
1443,1201
1443,5687
1443,1982
1443,1437
1443,1678
1443,3258
1893,4394
2129,4394
2650,1437
2650,1678
3863,3526
3863,5157
8329,450
8329,3258
10649,10995
1115,11772
6880,269
6880,6654
6880,979
6880,2456
6880,8646
6880,533
6880,3009
6880,5687
6880,6392
6880,9094
6880,12206
6880,11000
6880,531
6880,9294
6880,6393
6880,2433
6880,3258
2,269
2,790
2,2891
2,6149
2,6523
2,6654
2,6790
2,6997
2,7190
2,7962
2,9377
2,9573
2,10881
2,11574
2,11965
2,12143
2,12472
269,3
269,50
269,111
269,142
269,314
269,330
269,349
269,528
269,531
269,533
269,731
269,780
269,790
269,796
269,817
269,831
269,834
269,924
269,943
269,955
269,1016
269,1068
269,1083
269,1127
269,1225
269,1322
269,1326
269,1367
269,1400
269,1481
269,1504
269,1518
269,1552
269,1602
269,1639
269,1641
269,1664
269,1683
269,1709
269,1721
269,1744
269,1752
269,1844
269,1871
269,1879
269,1907
269,2076
269,2150
269,2219
269,2345
269,2349
269,2373
269,2395
269,2406
269,2412
269,2510
269,2564
269,2612
269,2625
269,2676
269,2722
269,2821
269,2830
269,2840
269,2844
269,2850
269,2891
269,2974
269,3043
269,3064
269,3083
269,3179
269,3222
269,3258
269,3276
269,3343
269,3468
269,3526
269,3617
269,3629
269,3717
269,3787
269,3913
269,3956
269,4092
269,4123
269,4421
269,4636
269,4731
269,4762
269,4787
269,4843
269,4914
269,4941
269,4976
269,5086
269,5264
269,5396
269,5414
269,5464
269,5486
269,5541
269,5646
269,5665
269,5794
269,5808
269,6107
269,6149
269,6271
269,6320
269,6325
269,6331
269,6335
269,6340
269,6341
269,6381
269,6402
269,6404
269,6409
269,6434
269,6444
269,6448
269,6482
269,6493
269,6514
269,6523
269,6613
269,6654
269,6669
269,6721
269,6892
269,6900
269,6919
269,6997
269,7016
269,7020
269,7090
269,7113
269,7152
269,7175
269,7201
269,7202
269,7267
269,7289
269,7310
269,7314
269,7374
269,7387
269,7412
269,7440
269,7477
269,7535
269,7540
269,7585
269,7650
269,7683
269,7692
269,7829
269,7962
269,7977
269,7982
269,7990
269,7993
269,7999
269,8014
269,8032
269,8043
269,8072
269,8134
269,8189
269,8224
269,8244
269,8261
269,8317
269,8370
269,8389
269,8399
269,8426
269,8478
269,8535
269,8663
269,8832
269,9015
269,9023
269,9070
269,9203
269,9247
269,9303
269,9318
269,9362
269,9377
269,9384
269,9402
269,9412
269,9434
269,9467
269,9475
269,9521
269,9562
269,9564
269,9573
269,9772
269,9783
269,9787
269,9854
269,9858
269,9868
269,9930
269,10052
269,10058
269,10074
269,10213
269,10262
269,10298
269,10401
269,10456
269,10458
269,10509
269,10543
269,10544
269,10572
269,10673
269,10840
269,10859
269,10971
269,10978
269,11008
269,11010
269,11017
269,11128
269,11222
269,11272
269,11286
269,11291
269,11328
269,11339
269,11391
269,11398
269,11409
269,11477
269,11490
269,11512
269,11530
269,11664
269,11682
269,11750
269,11774
269,11861
269,11899
269,11904
269,11998
269,12031
269,12230
269,12350
269,12380
269,12386
269,12472
269,12536
269,12561
790,77
790,381
790,386
790,468
790,623
790,752
790,776
790,943
790,977
790,1016
790,1340
790,1498
790,1677
790,1873
790,1884
790,1997
790,2051
790,2261
790,2612
790,2696
790,2779
790,2969
790,3006
790,3073
790,3543
790,3586
790,3628
790,4079
790,4231
790,4636
790,4814
790,4915
790,5264
790,5290
790,5777
790,5884
790,6193
790,6485
790,6660
790,6669
790,6774
790,6970
790,7337
790,7342
790,7374
790,7461
790,7683
790,7691
790,7739
790,7962
790,8222
790,8224
790,8261
790,8283
790,8328
790,8399
790,8479
790,8758
790,8992
790,9290
790,9467
790,9498
790,9783
790,9859
790,9925
790,10298
790,10320
790,10603
790,11044
790,11184
790,11315
790,11335
790,11924
790,11934
790,12143
2891,295
2891,660
2891,714
2891,924
2891,979
2891,990
2891,1288
2891,1518
2891,1602
2891,2173
2891,2270
2891,2508
2891,2612
2891,2974
2891,3191
2891,3730
2891,3787
2891,3971
2891,4731
2891,5407
2891,5665
2891,5808
2891,5974
2891,6149
2891,6320
2891,6393
2891,6434
2891,7256
2891,7542
2891,8072
2891,8273
2891,8370
2891,9005
2891,9815
2891,9854
2891,10456
2891,10674
2891,11088
2891,11574
2891,12536
6149,148
6149,330
6149,780
6149,817
6149,834
6149,888
6149,943
6149,979
6149,1127
6149,1225
6149,1256
6149,1400
6149,1481
6149,1744
6149,1765
6149,2269
6149,2345
6149,2508
6149,2612
6149,2696
6149,2844
6149,2850
6149,2976
6149,3222
6149,3971
6149,4092
6149,4692
6149,5152
6149,5498
6149,5665
6149,5808
6149,5838
6149,5859
6149,6340
6149,6409
6149,6440
6149,6444
6149,6482
6149,6835
6149,6861
6149,7060
6149,7152
6149,7190
6149,7440
6149,7542
6149,7650
6149,7882
6149,7923
6149,7977
6149,8072
6149,8244
6149,8261
6149,8317
6149,8640
6149,9005
6149,9377
6149,9467
6149,9573
6149,9788
6149,9929
6149,9930
6149,9953
6149,10184
6149,10978
6149,11222
6149,11291
6149,11574
6149,11904
6149,11998
6149,12536
6523,207
6523,796
6523,979
6523,1127
6523,1225
6523,1400
6523,1437
6523,1481
6523,1678
6523,1744
6523,2270
6523,2508
6523,2560
6523,2696
6523,2844
6523,2909
6523,3971
6523,4040
6523,4079
6523,4915
6523,5515
6523,5577
6523,5587
6523,6107
6523,6440
6523,6900
6523,7542
6523,7982
6523,8430
6523,9219
6523,9382
6523,9402
6523,9467
6523,9783
6523,9788
6523,9929
6523,9930
6523,10401
6523,11315
6523,11574
6523,12230
6523,12536
6654,182
6654,199
6654,327
6654,330
6654,450
6654,505
6654,681
6654,736
6654,753
6654,780
6654,817
6654,831
6654,834
6654,943
6654,954
6654,990
6654,1168
6654,1172
6654,1175
6654,1224
6654,1225
6654,1259
6654,1518
6654,1677
6654,1744
6654,1769
6654,1884
6654,1917
6654,1957
6654,1970
6654,2191
6654,2270
6654,2416
6654,2542
6654,2564
6654,2612
6654,2692
6654,2840
6654,2850
6654,2926
6654,2976
6654,3129
6654,3137
6654,3167
6654,3183
6654,3222
6654,3258
6654,3343
6654,3347
6654,3357
6654,3466
6654,3476
6654,3702
6654,3885
6654,4079
6654,4220
6654,4240
6654,4263
6654,4461
6654,4508
6654,4712
6654,4778
6654,4915
6654,5086
6654,5301
6654,5407
6654,5426
6654,5464
6654,5486
6654,5653
6654,5665
6654,5794
6654,5826
6654,5971
6654,5974
6654,6315
6654,6444
6654,6863
6654,6927
6654,7020
6654,7190
6654,7201
6654,7335
6654,7412
6654,7558
6654,7626
6654,7650
6654,7767
6654,7775
6654,7883
6654,7913
6654,7945
6654,7993
6654,8032
6654,8067
6654,8164
6654,8224
6654,8261
6654,8317
6654,8430
6654,8587
6654,8595
6654,8617
6654,8648
6654,8679
6654,8687
6654,8712
6654,8728
6654,8765
6654,9235
6654,9377
6654,9467
6654,9614
6654,9772
6654,9783
6654,9788
6654,9799
6654,9807
6654,9928
6654,9930
6654,10053
6654,10160
6654,10298
6654,10348
6654,10363
6654,10401
6654,10516
6654,10591
6654,10609
6654,10760
6654,10777
6654,10978
6654,11000
6654,11216
6654,11315
6654,11490
6654,11574
6654,11774
6654,11865
6654,11885
6654,11896
6654,11911
6654,12031
6654,12472
6654,12536
6654,12541
6790,64
6790,225
6790,330
6790,664
6790,741
6790,773
6790,1076
6790,1482
6790,1600
6790,1754
6790,1872
6790,2229
6790,2236
6790,2508
6790,2564
6790,2612
6790,2708
6790,2732
6790,2817
6790,2850
6790,2878
6790,3132
6790,3179
6790,3248
6790,3522
6790,3526
6790,3617
6790,3633
6790,3638
6790,3671
6790,3941
6790,4011
6790,4024
6790,4372
6790,4518
6790,4695
6790,4935
6790,4981
6790,5060
6790,5083
6790,5098
6790,5147
6790,5157
6790,5170
6790,5266
6790,5399
6790,5406
6790,5440
6790,5619
6790,5687
6790,5840
6790,5851
6790,6455
6790,6512
6790,6526
6790,6698
6790,6843
6790,6938
6790,7020
6790,7114
6790,7156
6790,7175
6790,7206
6790,7256
6790,7267
6790,7406
6790,7666
6790,7762
6790,7910
6790,8011
6790,8186
6790,8429
6790,8437
6790,8465
6790,8611
6790,8612
6790,8632
6790,8820
6790,9614
6790,9662
6790,9997
6790,10105
6790,10176
6790,10262
6790,10363
6790,10546
6790,10736
6790,11014
6790,11052
6790,11060
6790,11237
6790,11483
6790,11612
6790,11750
6790,12015
6790,12031
6790,12278
6790,12505
6997,1744
6997,7201
6997,9788
6997,9930
6997,12536
7190,137
7190,419
7190,450
7190,796
7190,1078
7190,1256
7190,1325
7190,1542
7190,1884
7190,2355
7190,2559
7190,2564
7190,2612
7190,2643
7190,2696
7190,2840
7190,2850
7190,2900
7190,3255
7190,3258
7190,3411
7190,3586
7190,3857
7190,3937
7190,4344
7190,4396
7190,4592
7190,4611
7190,4914
7190,4915
7190,4994
7190,5216
7190,5252
7190,5712
7190,5751
7190,5916
7190,5970
7190,6448
7190,6857
7190,6919
7190,6954
7190,7020
7190,7314
7190,7413
7190,7477
7190,7683
7190,7719
7190,7788
7190,7838
7190,7907
7190,8147
7190,8233
7190,8244
7190,8317
7190,8328
7190,8363
7190,8748
7190,8815
7190,8964
7190,9333
7190,9422
7190,9467
7190,9753
7190,9783
7190,9930
7190,9940
7190,10176
7190,10182
7190,10183
7190,10193
7190,10260
7190,10423
7190,10535
7190,10622
7190,10874
7190,10895
7190,10978
7190,11029
7190,11315
7190,11740
7190,11998
7190,12031
7190,12286
7190,12472
7190,12489
7962,381
7962,468
7962,752
7962,888
7962,943
7962,1427
7962,1439
7962,1800
7962,1997
7962,2051
7962,2261
7962,2432
7962,2696
7962,3043
7962,3073
7962,3258
7962,4240
7962,4636
7962,5264
7962,5290
7962,5652
7962,5777
7962,5978
7962,5983
7962,6119
7962,6774
7962,7337
7962,7342
7962,7374
7962,7673
7962,7683
7962,7691
7962,7767
7962,8224
7962,8328
7962,9256
7962,9290
7962,9373
7962,9498
7962,9762
7962,9783
7962,10058
7962,10298
7962,10434
7962,10486
7962,10603
7962,10865
7962,10878
7962,11335
7962,11924
7962,11934
7962,12143
9377,104
9377,148
9377,190
9377,312
9377,386
9377,414
9377,468
9377,517
9377,623
9377,776
9377,852
9377,886
9377,888
9377,935
9377,943
9377,1105
9377,1427
9377,1696
9377,2106
9377,2111
9377,2206
9377,2416
9377,2612
9377,2800
9377,2844
9377,2921
9377,2926
9377,3073
9377,3402
9377,3787
9377,3818
9377,4079
9377,4089
9377,4158
9377,4161
9377,4217
9377,4263
9377,4383
9377,4636
9377,4646
9377,4818
9377,5086
9377,5272
9377,5429
9377,5486
9377,5655
9377,5777
9377,6348
9377,6444
9377,6640
9377,6791
9377,6862
9377,7089
9377,7378
9377,7407
9377,7574
9377,7624
9377,7804
9377,8003
9377,8586
9377,8649
9377,8720
9377,8945
9377,9313
9377,9342
9377,9467
9377,9573
9377,9616
9377,9787
9377,9788
9377,9859
9377,9913
9377,10061
9377,10262
9377,10356
9377,10427
9377,10567
9377,11096
9377,11184
9377,11382
9377,11403
9377,11490
9377,11861
9377,11865
9377,12051
9377,12089
9377,12402
9573,295
9573,330
9573,780
9573,834
9573,888
9573,924
9573,943
9573,979
9573,1127
9573,1225
9573,1256
9573,1400
9573,1481
9573,1744
9573,1752
9573,1765
9573,2270
9573,2612
9573,2696
9573,2768
9573,2998
9573,3222
9573,3797
9573,3956
9573,3971
9573,4189
9573,4244
9573,4341
9573,4756
9573,5152
9573,6340
9573,6409
9573,6440
9573,6444
9573,6835
9573,6861
9573,7060
9573,7152
9573,7214
9573,7285
9573,7650
9573,7733
9573,7767
9573,7844
9573,7882
9573,8032
9573,8224
9573,8263
9573,8593
9573,8824
9573,8914
9573,9160
9573,9258
9573,9300
9573,9362
9573,9412
9573,9467
9573,9614
9573,9929
9573,9930
9573,9953
9573,10978
9573,11173
9573,11222
9573,11490
9573,11885
9573,11904
9573,11998
9573,12536
10881,421
10881,1127
10881,1617
10881,4003
10881,4040
10881,4695
10881,5399
10881,5805
10881,5857
10881,6419
10881,7491
10881,8022
10881,8096
10881,8134
10881,8677
10881,8738
10881,8962
10881,9854
10881,10074
10881,10527
10881,10699
10881,11131
10881,12422
11574,1752
11574,5646
11574,8134
11574,11965
11965,72
11965,582
11965,683
11965,773
11965,954
11965,1278
11965,1291
11965,1350
11965,1471
11965,1492
11965,1649
11965,1715
11965,2408
11965,2904
11965,3010
11965,3689
11965,4710
11965,5489
11965,5810
11965,6279
11965,8057
11965,8368
11965,9425
11965,9615
11965,9787
11965,9806
11965,10190
11965,10271
11965,10468
11965,10873
11965,11140
11965,11247
12143,386
12143,752
12143,1439
12143,1873
12143,2452
12143,2696
12143,2830
12143,3258
12143,4915
12143,5093
12143,5224
12143,5407
12143,5588
12143,5616
12143,6774
12143,6964
12143,7456
12143,7534
12143,7626
12143,8222
12143,8400
12143,8479
12143,8484
12143,8941
12143,9783
12143,10440
12143,11221
12143,11315
12143,11891
12472,41
12472,115
12472,159
12472,252
12472,388
12472,393
12472,418
12472,419
12472,471
12472,570
12472,660
12472,734
12472,831
12472,895
12472,943
12472,979
12472,1127
12472,1290
12472,1322
12472,1396
12472,1481
12472,1504
12472,1539
12472,1598
12472,1625
12472,1664
12472,1683
12472,1803
12472,1825
12472,1875
12472,1885
12472,1973
12472,2063
12472,2128
12472,2183
12472,2319
12472,2416
12472,2590
12472,2612
12472,2636
12472,2655
12472,2687
12472,2696
12472,2719
12472,2740
12472,2753
12472,2800
12472,2932
12472,2969
12472,2975
12472,3017
12472,3057
12472,3073
12472,3074
12472,3129
12472,3137
12472,3179
12472,3183
12472,3258
12472,3277
12472,3543
12472,3574
12472,3581
12472,3635
12472,3730
12472,3799
12472,3810
12472,3818
12472,3864
12472,3924
12472,4079
12472,4092
12472,4098
12472,4112
12472,4126
12472,4128
12472,4185
12472,4189
12472,4190
12472,4215
12472,4419
12472,4462
12472,4665
12472,4681
12472,4684
12472,4695
12472,4731
12472,4765
12472,4947
12472,4989
12472,5157
12472,5184
12472,5204
12472,5342
12472,5464
12472,5511
12472,5587
12472,5614
12472,5619
12472,5643
12472,5826
12472,5946
12472,5974
12472,6109
12472,6170
12472,6250
12472,6252
12472,6315
12472,6340
12472,6372
12472,6417
12472,6444
12472,6495
12472,6688
12472,6698
12472,7010
12472,7219
12472,7280
12472,7374
12472,7421
12472,7438
12472,7471
12472,7586
12472,7626
12472,7675
12472,7699
12472,7767
12472,7804
12472,7837
12472,7857
12472,7910
12472,7973
12472,8003
12472,8145
12472,8186
12472,8224
12472,8244
12472,8476
12472,8558
12472,8592
12472,8724
12472,8748
12472,8884
12472,8975
12472,9039
12472,9060
12472,9065
12472,9117
12472,9119
12472,9121
12472,9189
12472,9234
12472,9330
12472,9349
12472,9358
12472,9413
12472,9444
12472,9447
12472,9467
12472,9507
12472,9614
12472,9650
12472,9658
12472,9773
12472,9783
12472,9817
12472,9868
12472,9913
12472,9930
12472,10105
12472,10140
12472,10336
12472,10345
12472,10413
12472,10426
12472,10483
12472,10543
12472,10688
12472,10752
12472,10808
12472,10978
12472,11029
12472,11085
12472,11105
12472,11180
12472,11188
12472,11222
12472,11281
12472,11315
12472,11337
12472,11503
12472,11530
12472,11636
12472,11846
12472,11875
12472,11889
12472,11905
12472,11906
12472,11926
12472,12110
12472,12163
12472,12496
12472,12532
3,450
3,979
3,2456
3,2570
3,3304
3,3526
3,4726
3,5130
3,5591
3,5889
3,6783
3,6862
3,7020
3,7202
3,7365
3,8267
3,8646
3,9117
3,9119
3,9357
3,10618
3,10688
50,979
50,7020
50,2560
50,6392
111,5157
142,3526
142,6783
142,6352
330,979
330,3526
330,7020
330,5145
330,11000
330,531
330,846
330,4394
330,1179
330,3258
528,474
531,7823
531,11286
531,5157
531,15
531,834
531,881
531,1127
531,1481
531,2222
531,2405
531,2433
531,2564
531,2708
531,2800
531,3179
531,3466
531,3476
531,4574
531,4684
531,4695
531,4763
531,5142
531,5399
531,5671
531,6393
531,6702
531,7289
531,7421
531,7438
531,8066
531,8069
531,8265
531,8632
531,8873
531,9564
531,9698
531,9858
531,10456
531,10971
531,12208
531,12505
533,3526
533,6862
533,7020
533,8646
533,7224
533,6
533,403
533,703
533,731
533,817
533,831
533,1225
533,1325
533,1600
533,1760
533,2184
533,2272
533,2835
533,2968
533,3258
533,3276
533,3297
533,3697
533,4130
533,4166
533,4240
533,4415
533,4423
533,4914
533,5115
533,5164
533,5458
533,5552
533,5852
533,6132
533,6292
533,6392
533,6448
533,7113
533,7182
533,7367
533,7372
533,7406
533,7509
533,7718
533,7833
533,7973
533,8363
533,8374
533,8429
533,8839
533,9145
533,9244
533,9403
533,9648
533,9831
533,9930
533,9966
533,10041
533,11215
533,11344
533,11651
533,11671
533,11732
533,11784
533,11914
533,12419
731,979
731,831
731,3258
780,3842
780,8134
780,6393
780,3258
796,5157
817,979
817,7020
817,831
817,4482
817,5414
817,6352
817,6448
817,6954
817,11000
817,10717
817,4623
817,8134
817,6393
831,3526
831,5130
831,6862
831,7020
831,6
831,143
831,199
831,227
831,366
831,375
831,381
831,413
831,425
831,601
831,725
831,834
831,977
831,1021
831,1127
831,1174
831,1235
831,1306
831,1333
831,1437
831,1481
831,1600
831,1760
831,1839
831,1970
831,2107
831,2402
831,2441
831,2573
831,2871
831,2906
831,3137
831,3258
831,3297
831,3516
831,3844
831,3864
831,3953
831,3996
831,4009
831,4263
831,4415
831,4441
831,4874
831,4885
831,4915
831,4924
831,4976
831,5144
831,5157
831,5164
831,5272
831,5399
831,5407
831,5666
831,5682
831,5757
831,5886
831,5923
831,5978
831,5996
831,6000
831,6455
831,6840
831,7065
831,7285
831,7406
831,7445
831,7448
831,7509
831,8186
831,8224
831,8363
831,8590
831,8748
831,8839
831,8901
831,8966
831,9059
831,9176
831,9403
831,9467
831,9502
831,9606
831,9733
831,9754
831,9952
831,10002
831,10041
831,10081
831,10095
831,10174
831,10481
831,10681
831,11154
831,11490
831,11499
831,11610
831,11664
831,11878
831,12140
834,5414
834,8134
834,6393
924,450
924,3526
924,9294
943,979
943,6862
943,6448
943,3258
1016,7020
1016,6448
1016,12140
1016,3258
1068,5667
1127,450
1127,3526
1127,7365
1127,4955
1127,5157
1225,7020
1322,450
1322,6954
1322,3258
1326,3526
1367,450
1367,5157
1367,5431
1400,5157
1400,8710
1400,3258
1481,979
1481,4955
1481,5157
1481,518
1504,8267
1504,12140
1504,2433
1504,3258
1518,7020
1518,3842
1518,8134
1602,3258
1641,1179
1664,11000
1683,979
1683,12140
1744,979
1744,3842
1744,11286
1844,6954
1879,6448
1879,3258
1907,3258
2219,3258
2373,979
2373,5130
2373,6783
2373,6862
2373,7020
2373,8267
2373,1760
2373,6448
2412,11772
2510,3526
2564,6862
2564,5145
2564,11000
2564,3738
2564,4394
2564,1179
2564,3258
2612,7020
2612,9578
2612,6954
2612,11000
2612,10128
2612,10717
2612,1678
2612,3258
2676,3258
2722,5552
2722,6392
2722,8134
2830,3258
2840,10717
2840,12140
2840,5157
2840,3493
2850,979
2850,3526
2850,5591
2850,6783
2850,7020
2850,6448
2850,10176
2850,4375
3043,979
3043,6393
3064,3258
3083,979
3179,3526
3179,10176
3179,5157
3222,979
3222,11000
3222,3258
3258,450
3258,979
3258,3304
3258,7020
3258,9117
3258,9119
3258,2560
3258,3842
3258,4482
3258,4955
3258,6352
3258,6392
3258,6448
3258,11286
3258,10128
3258,10717
3258,10808
3258,5157
3258,12276
3258,6393
3258,20
3258,22
3258,115
3258,122
3258,207
3258,233
3258,238
3258,241
3258,267
3258,295
3258,322
3258,388
3258,418
3258,419
3258,425
3258,431
3258,433
3258,468
3258,471
3258,490
3258,557
3258,625
3258,703
3258,825
3258,888
3258,896
3258,919
3258,959
3258,1010
3258,1056
3258,1126
3258,1145
3258,1172
3258,1175
3258,1256
3258,1290
3258,1335
3258,1408
3258,1462
3258,1543
3258,1598
3258,1612
3258,1758
3258,1769
3258,1786
3258,1800
3258,1835
3258,1867
3258,1884
3258,1885
3258,1909
3258,2046
3258,2051
3258,2057
3258,2072
3258,2087
3258,2118
3258,2173
3258,2187
3258,2206
3258,2230
3258,2246
3258,2247
3258,2402
3258,2403
3258,2416
3258,2452
3258,2506
3258,2521
3258,2529
3258,2535
3258,2559
3258,2579
3258,2590
3258,2616
3258,2655
3258,2665
3258,2696
3258,2800
3258,2808
3258,2874
3258,2895
3258,2973
3258,2975
3258,3026
3258,3057
3258,3121
3258,3167
3258,3183
3258,3209
3258,3223
3258,3466
3258,3468
3258,3476
3258,3543
3258,3610
3258,3629
3258,3635
3258,3640
3258,3644
3258,3651
3258,3655
3258,3677
3258,3755
3258,3844
3258,3883
3258,3885
3258,3938
3258,4040
3258,4052
3258,4070
3258,4079
3258,4112
3258,4125
3258,4126
3258,4189
3258,4345
3258,4404
3258,4410
3258,4419
3258,4445
3258,4462
3258,4510
3258,4527
3258,4545
3258,4589
3258,4594
3258,4619
3258,4634
3258,4684
3258,4692
3258,4715
3258,4731
3258,4765
3258,4806
3258,4810
3258,4814
3258,4825
3258,4881
3258,4912
3258,4913
3258,4914
3258,4915
3258,4996
3258,5007
3258,5036
3258,5068
3258,5086
3258,5112
3258,5139
3258,5149
3258,5184
3258,5224
3258,5254
3258,5264
3258,5287
3258,5347
3258,5399
3258,5421
3258,5436
3258,5438
3258,5464
3258,5585
3258,5637
3258,5664
3258,5665
3258,5761
3258,5826
3258,5852
3258,5946
3258,5971
3258,5974
3258,6041
3258,6065
3258,6082
3258,6160
3258,6170
3258,6173
3258,6188
3258,6218
3258,6288
3258,6315
3258,6326
3258,6372
3258,6396
3258,6402
3258,6434
3258,6439
3258,6440
3258,6455
3258,6482
3258,6485
3258,6494
3258,6498
3258,6514
3258,6628
3258,6675
3258,6682
3258,6704
3258,6708
3258,6775
3258,6844
3258,6857
3258,6919
3258,6927
3258,6938
3258,6941
3258,6982
3258,7016
3258,7033
3258,7065
3258,7145
3258,7171
3258,7250
3258,7264
3258,7278
3258,7280
3258,7285
3258,7342
3258,7374
3258,7421
3258,7438
3258,7499
3258,7538
3258,7586
3258,7612
3258,7626
3258,7639
3258,7665
3258,7675
3258,7691
3258,7699
3258,7719
3258,7721
3258,7767
3258,7775
3258,7837
3258,7841
3258,7877
3258,7910
3258,7913
3258,7919
3258,7921
3258,7995
3258,8072
3258,8095
3258,8224
3258,8242
3258,8244
3258,8261
3258,8265
3258,8275
3258,8392
3258,8399
3258,8400
3258,8484
3258,8522
3258,8535
3276,3526
3276,7020
3276,6954
3343,979
3343,5130
3343,5414
3526,87
3526,104
3526,140
3526,159
3526,260
3526,394
3526,447
3526,544
3526,602
3526,649
3526,650
3526,686
3526,794
3526,798
3526,823
3526,825
3526,829
3526,851
3526,895
3526,962
3526,1017
3526,1205
3526,1235
3526,1318
3526,1360
3526,1459
3526,1462
3526,1466
3526,1543
3526,1594
3526,1624
3526,1625
3526,1667
3526,1669
3526,1671
3526,1706
3526,1743
3526,1808
3526,1935
3526,2056
3526,2107
3526,2117
3526,2157
3526,2319
3526,2327
3526,2370
3526,2441
3526,2487
3526,2491
3526,2560
3526,2562
3526,2720
3526,2721
3526,2748
3526,2800
3526,2825
3526,2833
3526,2885
3526,2907
3526,2922
3526,2940
3526,2949
3526,3068
3526,3086
3526,3133
3526,3178
3526,3233
3526,3308
3526,3352
3526,3428
3526,3441
3526,3487
3526,3555
3526,3610
3526,3617
3526,3704
3526,3709
3526,3725
3526,3835
3526,3842
3526,3856
3526,3990
3526,4038
3526,4040
3526,4185
3526,4186
3526,4192
3526,4294
3526,4308
3526,4354
3526,4372
3526,4477
3526,4482
3526,4551
3526,4634
3526,4717
3526,4764
3526,4857
3526,4858
3526,4868
3526,4874
3526,4971
3526,5039
3526,5060
3526,5072
3526,5086
3526,5134
3526,5139
3526,5237
3526,5242
3526,5247
3526,5265
3526,5268
3526,5319
3526,5347
3526,5399
3526,5414
3526,5473
3526,5503
3526,5530
3526,5591
3526,5604
3526,5608
3526,5619
3526,5668
3526,5732
3526,5787
3526,5841
3526,5871
3526,5885
3526,5915
3526,5919
3526,5987
3526,6021
3526,6271
3526,6330
3526,6352
3526,6387
3526,6401
3526,6448
3526,6553
3526,6646
3526,6661
3526,6698
3526,6717
3526,6729
3526,6732
3526,6734
3526,6780
3526,6783
3526,6917
3526,6954
3526,7002
3526,7062
3526,7121
3526,7227
3526,7265
3526,7267
3526,7289
3526,7351
3526,7362
3526,7418
3526,7421
3526,7438
3526,7440
3526,7497
3526,7509
3526,7531
3526,7537
3526,7591
3526,7638
3526,7671
3526,7683
3526,7702
3526,7761
3526,7762
3526,7838
3526,7843
3526,7879
3526,7910
3526,7913
3526,7985
3526,8084
3526,8103
3526,8106
3526,8118
3526,8134
3526,8143
3526,8181
3526,8244
3526,8276
3526,8302
3526,8319
3526,8399
3526,8412
3526,8450
3526,8527
3526,8531
3526,8611
3526,8691
3526,8760
3526,8820
3526,8824
3526,8885
3526,8915
3526,8946
3526,8960
3526,8981
3526,9025
3526,9051
3526,9093
3526,9120
3526,9123
3526,9318
3526,9422
3526,9457
3526,9517
3526,9521
3526,9522
3526,9549
3526,9587
3526,9614
3526,9842
3526,9907
3526,9930
3526,10041
3526,10053
3526,10069
3526,10105
3526,10162
3526,10244
3526,10288
3526,10304
3526,10413
3526,10453
3526,10481
3526,10498
3526,10532
3526,10574
3526,10681
3526,10704
3526,10759
3526,10831
3526,10890
3526,10920
3526,10921
3526,10989
3526,11014
3526,11225
3526,11319
3526,11348
3526,11364
3526,11446
3526,11512
3526,11750
3526,11826
3526,11999
3526,12031
3526,12146
3526,12218
3526,12234
3526,12247
3526,12262
3526,12263
3526,12276
3617,450
3617,7020
3617,8646
3617,5157
3617,9294
3629,12140
3787,1201
4092,979
4421,407
4421,8363
4421,3578
4636,6448
4731,979
4787,979
4787,12140
4843,450
4843,7020
4843,7224
4843,427
4843,3842
4843,5414
4843,6448
4843,7351
4843,11588
4914,5130
4914,6783
4914,6862
4914,7020
4914,8267
4914,1760
4914,8363
4914,1437
4941,5157
4976,2456
4976,5130
4976,6783
4976,6862
4976,7020
4976,8646
4976,6448
5086,979
5086,6862
5264,900
5396,7020
5396,5451
5396,6448
5414,979
5414,6
5414,46
5414,120
5414,433
5414,544
5414,569
5414,664
5414,734
5414,804
5414,857
5414,966
5414,1258
5414,1300
5414,1341
5414,1349
5414,1365
5414,1466
5414,1519
5414,1546
5414,1547
5414,1600
5414,1711
5414,1732
5414,1745
5414,1806
5414,1933
5414,1979
5414,2067
5414,2147
5414,2204
5414,2252
5414,2377
5414,2404
5414,2565
5414,2807
5414,2817
5414,2862
5414,2878
5414,2887
5414,2981
5414,3044
5414,3094
5414,3191
5414,3248
5414,3296
5414,3341
5414,3367
5414,3752
5414,3770
5414,3800
5414,3898
5414,3975
5414,3996
5414,4122
5414,4355
5414,4484
5414,4509
5414,4552
5414,4620
5414,4630
5414,4663
5414,4664
5414,4677
5414,4686
5414,4895
5414,4978
5414,5028
5414,5152
5414,5366
5414,5399
5414,5478
5414,5575
5414,5619
5414,5656
5414,5682
5414,5827
5414,5859
5414,5951
5414,6020
5414,6072
5414,6077
5414,6111
5414,6115
5414,6132
5414,6140
5414,6307
5414,6393
5414,6396
5414,6472
5414,6568
5414,6675
5414,6775
5414,6819
5414,7062
5414,7175
5414,7194
5414,7247
5414,7289
5414,7351
5414,7355
5414,7580
5414,7607
5414,7666
5414,8011
5414,8066
5414,8115
5414,8128
5414,8207
5414,8262
5414,8278
5414,8319
5414,8435
5414,8442
5414,8524
5414,8584
5414,8696
5414,8704
5414,8761
5414,8800
5414,8867
5414,8903
5414,9113
5414,9179
5414,9313
5414,9330
5414,9492
5414,9674
5414,9782
5414,9785
5414,9937
5414,9941
5414,10482
5414,10595
5414,10644
5414,10659
5414,10966
5414,11044
5414,11139
5414,11236
5414,11256
5414,11444
5414,11476
5414,11483
5414,11490
5414,11522
5414,11531
5414,11584
5414,11643
5414,11803
5414,11844
5414,12003
5414,12015
5414,12134
5414,12138
5414,12139
5414,12206
5414,12341
5414,12526
5486,5451
5665,4623
5665,9473
6107,7020
6107,6448
6107,1437
6271,2456
6271,9872
6320,979
6331,979
6335,1201
6340,979
6402,979
6402,3304
6402,7224
6402,7523
6402,11000
6402,10717
6402,12140
6402,9872
6404,979
6409,450
6409,7202
6409,11286
6448,5130
6448,6
6448,407
6448,5451
6448,21
6448,199
6448,240
6448,300
6448,366
6448,517
6448,633
6448,699
6448,702
6448,759
6448,829
6448,895
6448,977
6448,1042
6448,1169
6448,1406
6448,1554
6448,1600
6448,1802
6448,1827
6448,2200
6448,2303
6448,2337
6448,2370
6448,2573
6448,2771
6448,2846
6448,2871
6448,2874
6448,3059
6448,3516
6448,3635
6448,3645
6448,3707
6448,3746
6448,3807
6448,3996
6448,4515
6448,4540
6448,4695
6448,4715
6448,5327
6448,5399
6448,5480
6448,5559
6448,5666
6448,6033
6448,6095
6448,6174
6448,6241
6448,6541
6448,7253
6448,7285
6448,7351
6448,7400
6448,7448
6448,7489
6448,7509
6448,8003
6448,8186
6448,8244
6448,8590
6448,8611
6448,8632
6448,8748
6448,9012
6448,9145
6448,9249
6448,9258
6448,9362
6448,9563
6448,9728
6448,9733
6448,9743
6448,9754
6448,9896
6448,10100
6448,10299
6448,10388
6448,10481
6448,10554
6448,10694
6448,11250
6448,11490
6448,11601
6448,12140
6448,12521
6493,979
6669,6862
6669,12140
6919,12140
7016,6954
7020,450
7020,979
7020,5130
7020,6783
7020,6862
7020,21
7020,58
7020,143
7020,199
7020,219
7020,366
7020,373
7020,378
7020,407
7020,505
7020,517
7020,557
7020,587
7020,608
7020,633
7020,662
7020,695
7020,702
7020,977
7020,1010
7020,1021
7020,1219
7020,1437
7020,1600
7020,1611
7020,2107
7020,2303
7020,2319
7020,2369
7020,2370
7020,2430
7020,2473
7020,2508
7020,2540
7020,2560
7020,2573
7020,2724
7020,2771
7020,2812
7020,2846
7020,2871
7020,2907
7020,3049
7020,3163
7020,3167
7020,3223
7020,3256
7020,3383
7020,3480
7020,3516
7020,3522
7020,3618
7020,3633
7020,3635
7020,3645
7020,3725
7020,3807
7020,3840
7020,3842
7020,3844
7020,3864
7020,3883
7020,3914
7020,3953
7020,4009
7020,4334
7020,4415
7020,4508
7020,4764
7020,4805
7020,5230
7020,5259
7020,5407
7020,5412
7020,5451
7020,5477
7020,5489
7020,5666
7020,5732
7020,5852
7020,6033
7020,6063
7020,6072
7020,6132
7020,6174
7020,6203
7020,6396
7020,6541
7020,6693
7020,6954
7020,7065
7020,7175
7020,7202
7020,7214
7020,7253
7020,7285
7020,7351
7020,7448
7020,7477
7020,7509
7020,7666
7020,7718
7020,7811
7020,7823
7020,7999
7020,8134
7020,8142
7020,8186
7020,8265
7020,8267
7020,8317
7020,8363
7020,8373
7020,8484
7020,8535
7020,8572
7020,8632
7020,8704
7020,8748
7020,8844
7020,8875
7020,8879
7020,9012
7020,9145
7020,9219
7020,9249
7020,9258
7020,9309
7020,9362
7020,9467
7020,9587
7020,9728
7020,9733
7020,9754
7020,9773
7020,9818
7020,9896
7020,9907
7020,9930
7020,9966
7020,9989
7020,10015
7020,10041
7020,10176
7020,10228
7020,10298
7020,10299
7020,10363
7020,10481
7020,10696
7020,10840
7020,10856
7020,10874
7020,10971
7020,11398
7020,11490
7020,11499
7020,11715
7020,11878
7020,11914
7020,12037
7020,12156
7020,12521
7090,6954
7090,12140
7175,979
7175,1235
7175,3842
7175,7265
7175,11286
7201,979
7201,6954
7201,1437
7201,1678
7202,979
7202,3304
7202,4726
7202,5130
7202,6783
7202,6862
7202,4263
7202,4484
7202,6396
7202,9743
7202,9930
7202,11354
7202,11798
7267,6393
7289,450
7289,3009
7289,6352
7289,5431
7289,9294
7289,1437
7314,5157
7387,979
7387,8267
7412,2456
7412,8646
7440,979
7440,5591
7477,979
7540,12140
7650,11286
7650,8134
7683,450
7683,7224
7683,2491
7683,7265
7683,9291
7683,11588
7683,5654
7683,6393
7683,20
7683,2433
7982,10481
7982,1437
7982,1678
7999,979
7999,6352
7999,5157
7999,9294
8014,6954
8032,979
8134,450
8134,979
8134,11588
8134,15
8134,57
8134,129
8134,176
8134,351
8134,366
8134,382
8134,455
8134,541
8134,662
8134,730
8134,865
8134,866
8134,985
8134,1062
8134,1084
8134,1224
8134,1437
8134,1568
8134,1633
8134,1640
8134,1670
8134,1854
8134,1883
8134,1979
8134,2055
8134,2147
8134,2204
8134,2213
8134,2312
8134,2374
8134,2457
8134,2473
8134,2497
8134,2536
8134,2556
8134,2735
8134,2800
8134,2817
8134,2878
8134,2879
8134,3191
8134,3359
8134,3367
8134,3396
8134,3407
8134,3466
8134,3485
8134,3546
8134,3649
8134,3704
8134,3838
8134,3915
8134,3934
8134,4263
8134,4273
8134,4500
8134,4663
8134,4981
8134,5028
8134,5147
8134,5180
8134,5348
8134,5389
8134,5399
8134,5503
8134,5566
8134,5656
8134,5712
8134,5814
8134,6021
8134,6160
8134,6202
8134,6212
8134,6524
8134,6595
8134,6659
8134,6693
8134,6788
8134,6834
8134,7000
8134,7285
8134,7406
8134,7509
8134,7779
8134,7848
8134,7937
8134,7985
8134,8025
8134,8037
8134,8202
8134,8226
8134,8230
8134,8383
8134,8413
8134,8434
8134,8436
8134,8442
8134,8517
8134,8682
8134,8690
8134,8696
8134,8774
8134,8802
8134,9105
8134,9179
8134,9219
8134,9308
8134,9362
8134,9363
8134,9508
8134,9526
8134,9742
8134,9860
8134,9885
8134,9930
8134,9989
8134,10466
8134,10546
8134,10841
8134,10962
8134,10988
8134,11009
8134,11052
8134,11062
8134,11251
8134,11285
8134,11298
8134,11316
8134,11490
8134,11736
8134,11840
8134,11923
8134,12234
8134,12251
8134,12254
8189,979
8224,450
8224,7224
8224,8363
8224,11286
8224,11000
8224,5667
8224,10128
8224,10717
8224,10808
8224,12140
8244,5451
8244,6352
8244,10176
8244,5157
8244,1437
8261,979
8261,6862
8261,8066
8317,450
8370,979
8370,6862
8370,10717
8399,6862
8399,12140
8535,450
8535,5451
8663,3009
8663,5157
8832,1437
9247,124
9362,4482
9362,1437
9467,450
9467,979
9467,11000
9467,12140
9467,6393
9521,450
9521,4955
9521,6393
9521,2644
9564,450
9564,2491
9564,6352
9564,12206
9772,12140
9783,450
9783,979
9783,6862
9783,5552
9783,7351
9783,12140
9783,8066
9787,5451
9787,12140
9930,979
9930,8267
9930,10176
9930,11286
9930,11000
9930,9294
9930,6393
10058,8646
10058,5157
10074,450
10262,3842
10298,450
10298,2560
10298,4955
10298,5451
10298,7351
10298,3369
10298,1739
10298,6299
10298,6481
10298,6393
10456,5157
10456,6393
10509,12140
10543,6954
10543,10176
10543,5157
10543,5654
10544,12140
10859,979
10971,3850
10971,6393
10978,979
10978,3304
10978,6862
10978,5451
10978,7351
10978,8363
10978,556
11010,979
11010,12140
11017,8267
11128,979
11128,4623
11128,1646
11222,12140
11222,5157
11222,1179
11286,979
11286,6
11286,811
11286,1541
11286,1911
11286,2056
11286,2187
11286,2355
11286,3949
11286,4229
11286,4972
11286,5239
11286,6634
11286,7219
11286,7669
11286,7738
11286,8136
11286,8161
11286,9831
11286,9900
11286,10126
11286,10485
11286,10731
11286,10740
11286,11234
11286,11344
11286,12276
11291,979
11328,979
11339,979
11339,12140
11391,6392
11398,20
11398,1437
11398,2433
11409,979
11490,450
11490,979
11490,4482
11490,5552
11490,6352
11490,6954
11490,10717
11512,4955
11512,5431
11750,1201
11750,3842
11750,4955
11861,979
11899,12140
11998,979
12031,5591
12031,3842
12031,4955
12230,12140
12350,8710
12380,979
381,10808
386,450
386,12140
468,6862
468,7224
752,979
752,8530
776,525
977,556
1498,6954
1873,8646
1873,10176
1884,10688
1884,9294
2051,1620
2969,10808
2969,12140
3006,7351
3073,3304
3073,4753
3543,450
3543,6862
3586,6393
4915,450
4915,7351
4915,2744
5777,7224
5777,10176
5777,10808
8283,10176
8283,1827
8328,450
8479,6954
8479,10717
9925,6393
11044,450
11184,6862
11184,9771
11315,450
11315,6862
11315,12140
11335,5451
295,6862
295,4482
295,6352
295,7351
660,9123
979,46
979,47
979,199
979,1161
979,1600
979,1769
979,2213
979,2364
979,2590
979,3072
979,3183
979,3364
979,3722
979,3798
979,4043
979,4186
979,4253
979,4337
979,4341
979,4419
979,4736
979,4888
979,4996
979,5152
979,5445
979,5553
979,5582
979,5908
979,5974
979,5996
979,6139
979,6675
979,6688
979,6844
979,7162
979,7351
979,7421
979,7434
979,7577
979,7586
979,7702
979,7752
979,7762
979,8164
979,8170
979,8267
979,8400
979,8472
979,8507
979,8522
979,8744
979,8988
979,9683
979,9907
979,9929
979,10041
979,10717
979,11000
979,11055
979,11088
979,11109
979,11117
979,11134
979,11435
979,11643
979,12043
979,12110
979,12136
979,12491
990,3304
990,10618
990,11511
2508,3842
3191,7265
5407,1755
5974,450
6393,3009
6393,3842
6393,846
6393,19
6393,48
6393,67
6393,148
6393,184
6393,327
6393,433
6393,592
6393,1290
6393,1341
6393,1437
6393,1572
6393,1678
6393,1732
6393,1747
6393,1848
6393,1864
6393,1895
6393,1933
6393,2235
6393,2237
6393,2319
6393,2411
6393,2433
6393,2497
6393,2981
6393,3099
6393,3454
6393,3702
6393,3723
6393,3864
6393,4052
6393,4309
6393,4338
6393,4445
6393,4510
6393,4574
6393,4635
6393,4887
6393,4898
6393,5082
6393,5115
6393,5405
6393,5655
6393,5682
6393,5951
6393,6082
6393,6133
6393,6194
6393,6455
6393,6472
6393,6516
6393,6572
6393,6705
6393,7029
6393,7083
6393,7406
6393,7438
6393,7442
6393,7490
6393,7591
6393,7767
6393,8122
6393,8553
6393,8583
6393,8676
6393,8729
6393,8942
6393,8962
6393,8990
6393,9049
6393,9168
6393,9258
6393,9269
6393,9439
6393,9440
6393,9641
6393,9807
6393,10001
6393,10363
6393,10588
6393,10594
6393,10627
6393,10742
6393,11285
6393,11305
6393,11364
6393,11643
6393,11692
6393,11771
6393,11798
6393,11901
6393,12056
6393,12234
6393,12419
6393,12462
9815,2456
9815,8646
9815,5157
11088,8646
148,6954
888,450
1256,6954
1765,5157
2976,450
4692,10618
4692,11000
5152,450
5152,11000
5152,12140
7923,450
207,8646
207,525
1437,2456
1437,10618
1437,4482
1437,6352
1437,10481
1437,58
1437,9294
1437,20
1437,1280
1437,38
1437,42
1437,66
1437,88
1437,143
1437,172
1437,259
1437,262
1437,320
1437,366
1437,382
1437,506
1437,536
1437,563
1437,606
1437,840
1437,841
1437,881
1437,883
1437,898
1437,1037
1437,1055
1437,1108
1437,1325
1437,1344
1437,1356
1437,1361
1437,1396
1437,1425
1437,1434
1437,1526
1437,1608
1437,1625
1437,1678
1437,1983
1437,2013
1437,2044
1437,2055
1437,2107
1437,2128
1437,2206
1437,2273
1437,2289
1437,2296
1437,2315
1437,2402
1437,2405
1437,2424
1437,2452
1437,2573
1437,2648
1437,2700
1437,2725
1437,2726
1437,2757
1437,2862
1437,2912
1437,2972
1437,3107
1437,3138
1437,3159
1437,3272
1437,3333
1437,3467
1437,3580
1437,3608
1437,3621
1437,3735
1437,3798
1437,3914
1437,3990
1437,3993
1437,4023
1437,4227
1437,4746
1437,4763
1437,4807
1437,4819
1437,4871
1437,5259
1437,5278
1437,5358
1437,5438
1437,5637
1437,5705
1437,5720
1437,5735
1437,5852
1437,5886
1437,5960
1437,5978
1437,6034
1437,6170
1437,6173
1437,6246
1437,6360
1437,6427
1437,6456
1437,6488
1437,6492
1437,6549
1437,6575
1437,6576
1437,6693
1437,6772
1437,6784
1437,6845
1437,7014
1437,7207
1437,7285
1437,7372
1437,7445
1437,7497
1437,7509
1437,7547
1437,7608
1437,7624
1437,7626
1437,7702
1437,7766
1437,7786
1437,7799
1437,7847
1437,7973
1437,8307
1437,8316
1437,8374
1437,8592
1437,8600
1437,8632
1437,8654
1437,8698
1437,8837
1437,8875
1437,9065
1437,9219
1437,9338
1437,9354
1437,9403
1437,9606
1437,9652
1437,9714
1437,9736
1437,9743
1437,9764
1437,9828
1437,9864
1437,9947
1437,9965
1437,10039
1437,10041
1437,10084
1437,10104
1437,10166
1437,10203
1437,10245
1437,10274
1437,10327
1437,10419
1437,10497
1437,10628
1437,10715
1437,10728
1437,10993
1437,11029
1437,11094
1437,11337
1437,11349
1437,11424
1437,11467
1437,11475
1437,11569
1437,11584
1437,11591
1437,11616
1437,11739
1437,11754
1437,11780
1437,11911
1437,11970
1437,11971
1437,11991
1437,12037
1437,12172
1437,12325
1437,12377
1437,12495
1678,10618
1678,20
1678,1280
1678,38
1678,42
1678,143
1678,259
1678,320
1678,366
1678,506
1678,563
1678,606
1678,840
1678,881
1678,898
1678,1055
1678,1425
1678,1447
1678,1526
1678,1941
1678,1983
1678,2044
1678,2107
1678,2128
1678,2296
1678,2315
1678,2452
1678,2648
1678,2700
1678,2912
1678,2972
1678,3138
1678,3159
1678,3272
1678,3467
1678,3990
1678,4023
1678,4746
1678,5259
1678,5278
1678,5720
1678,5735
1678,5886
1678,5960
1678,6170
1678,6360
1678,6549
1678,6693
1678,6772
1678,7207
1678,7445
1678,7446
1678,7547
1678,7569
1678,7624
1678,7799
1678,8307
1678,8316
1678,8600
1678,8698
1678,8837
1678,9338
1678,9354
1678,9764
1678,9828
1678,9864
1678,9965
1678,10203
1678,10715
1678,11029
1678,11349
1678,11467
1678,11475
1678,11569
1678,11584
1678,11591
1678,11616
1678,11780
1678,11911
1678,11970
2560,6
2560,1145
2560,1598
2560,1649
2560,1696
2560,2292
2560,2319
2560,2337
2560,2413
2560,3678
2560,4040
2560,4218
2560,4644
2560,5157
2560,6432
2560,6564
2560,6844
2560,6975
2560,7638
2560,7772
2560,8055
2560,8353
2560,8611
2560,9508
2560,9555
2560,9793
2560,9990
2560,10190
2560,11353
2909,1280
4040,5591
4040,12254
5577,8530
5577,1280
5577,1620
9219,6352
9219,10481
9219,9294
199,4482
199,5451
199,6352
327,8646
450,20
450,84
450,167
450,311
450,388
450,403
450,413
450,414
450,419
450,425
450,493
450,537
450,538
450,633
450,694
450,759
450,765
450,804
450,826
450,866
450,1092
450,1100
450,1159
450,1172
450,1631
450,1745
450,1759
450,1787
450,1933
450,2253
450,2307
450,2319
450,2377
450,2473
450,2535
450,2606
450,2616
450,2714
450,2763
450,2828
450,2887
450,2926
450,2981
450,3183
450,3209
450,3324
450,3411
450,3442
450,3454
450,3570
450,3612
450,3635
450,3645
450,3702
450,3738
450,3819
450,3827
450,4024
450,4029
450,4063
450,4224
450,4318
450,4361
450,4509
450,4527
450,4548
450,4568
450,4646
450,4663
450,4665
450,4695
450,4889
450,4910
450,5060
450,5139
450,5171
450,5254
450,5301
450,5389
450,5399
450,5441
450,5575
450,5648
450,5736
450,5764
450,5778
450,5833
450,5845
450,5951
450,6000
450,6006
450,6057
450,6086
450,6136
450,6550
450,6572
450,6628
450,6862
450,6894
450,6983
450,7232
450,7348
450,7395
450,7400
450,7503
450,7559
450,7695
450,7709
450,7868
450,7870
450,8038
450,8077
450,8115
450,8154
450,8262
450,8339
450,8369
450,8543
450,8625
450,8830
450,8863
450,8915
450,8977
450,9038
450,9129
450,9182
450,9223
450,9313
450,9319
450,9349
450,9658
450,9807
450,9937
450,9964
450,9966
450,10162
450,10370
450,10393
450,10413
450,10423
450,10439
450,10567
450,10634
450,10644
450,10678
450,10783
450,10808
450,11052
450,11136
450,11190
450,11248
450,11425
450,11472
450,11508
450,11560
450,11762
450,11795
450,11866
450,11885
450,11954
450,12052
450,12308
450,12341
450,12422
954,6392
954,5157
1175,846
1259,10618
1970,5552
1970,6392
2191,5157
2416,10688
2926,6862
3137,4955
3137,10176
3167,10808
3167,12140
3183,12140
3347,12140
3357,12140
4263,4482
4263,6352
4712,11000
4778,12140
4778,5157
4778,9294
5426,4623
5653,6862
7558,8363
7626,5667
7626,900
7767,10717
7913,7684
7913,2433
8587,12140
8617,6352
9235,7362
9614,1048
9614,4955
9614,5157
9614,9294
9614,1179
9799,12140
9807,1755
10053,3842
10053,6954
10348,6954
10363,3842
10363,5157
10363,5431
10363,518
10516,9294
10760,12140
10777,12206
11000,7
11000,826
11000,2026
11000,2559
11000,3074
11000,3385
11000,4186
11000,4574
11000,5522
11000,5946
11000,6511
11000,7577
11000,7584
11000,7586
11000,8269
11000,8429
11000,8507
11000,9430
11000,10327
11000,10426
11000,11319
11000,11783
11000,11906
11000,12110
11865,3369
11911,3493
11911,20
64,2644
225,1073
225,3842
225,9294
664,6862
664,3842
664,5157
664,2433
664,2644
773,3842
773,5157
1076,1431
1076,3842
1076,5145
1600,3842
1600,5145
1600,6352
1600,6392
1600,7351
1600,7823
1600,9843
1600,5157
1600,8643
1600,1336
1600,4394
1600,5431
1600,6022
1600,8066
1600,10452
1872,3842
2229,3842
2229,2644
2236,3842
2236,9291
2236,3369
2732,2491
2732,12206
2732,5431
3132,10176
3132,9294
3522,3842
3522,5145
3522,6392
3638,9123
3941,3842
3941,5145
3941,5157
3941,5431
3941,2644
4011,5145
4024,3842
4518,11834
4695,7365
4695,4325
4695,4955
4695,6352
4695,3369
4695,5157
4695,2644
4935,3842
4935,10176
4935,9294
4981,5591
4981,3842
4981,10176
4981,5157
4981,5431
5060,6783
5060,4955
5060,5157
5060,2644
5083,2491
5083,12206
5147,3842
5147,5145
5147,9294
5147,2644
5157,7365
5157,3842
5157,4482
5157,4955
5157,7351
5157,3369
5157,9
5157,16
5157,42
5157,49
5157,70
5157,71
5157,104
5157,129
5157,342
5157,360
5157,366
5157,382
5157,429
5157,580
5157,734
5157,751
5157,763
5157,835
5157,851
5157,853
5157,881
5157,1108
5157,1128
5157,1170
5157,1184
5157,1254
5157,1258
5157,1394
5157,1459
5157,1470
5157,1471
5157,1547
5157,1548
5157,1575
5157,1606
5157,1669
5157,1740
5157,1986
5157,2006
5157,2094
5157,2141
5157,2146
5157,2215
5157,2217
5157,2251
5157,2304
5157,2370
5157,2374
5157,2471
5157,2478
5157,2504
5157,2591
5157,2644
5157,2653
5157,2689
5157,2727
5157,2748
5157,2751
5157,2757
5157,2800
5157,2819
5157,2862
5157,2937
5157,3017
5157,3063
5157,3162
5157,3192
5157,3225
5157,3236
5157,3252
5157,3261
5157,3351
5157,3355
5157,3499
5157,3565
5157,3604
5157,3635
5157,3715
5157,3746
5157,3766
5157,3786
5157,3922
5157,3996
5157,4116
5157,4230
5157,4235
5157,4341
5157,4348
5157,4455
5157,4470
5157,4481
5157,4574
5157,4621
5157,4624
5157,4738
5157,4752
5157,4764
5157,4812
5157,4846
5157,4849
5157,4857
5157,4868
5157,4995
5157,5082
5157,5117
5157,5120
5157,5122
5157,5138
5157,5154
5157,5167
5157,5215
5157,5282
5157,5310
5157,5345
5157,5366
5157,5408
5157,5420
5157,5507
5157,5588
5157,5602
5157,5669
5157,5674
5157,5682
5157,5739
5157,5771
5157,5798
5157,5804
5157,5806
5157,5833
5157,5862
5157,5901
5157,5910
5157,6026
5157,6030
5157,6072
5157,6112
5157,6117
5157,6136
5157,6178
5157,6213
5157,6321
5157,6379
5157,6419
5157,6467
5157,6499
5157,6519
5157,6552
5157,6657
5157,6698
5157,6947
5157,6976
5157,7007
5157,7080
5157,7123
5157,7207
5157,7228
5157,7300
5157,7403
5157,7421
5157,7434
5157,7474
5157,7478
5157,7495
5157,7499
5157,7512
5157,7519
5157,7618
5157,7682
5157,7713
5157,7723
5157,7794
5157,7864
5157,7893
5157,7941
5157,7946
5157,7971
5157,8023
5157,8031
5157,8087
5157,8089
5157,8106
5157,8109
5157,8115
5157,8177
5157,8212
5157,8218
5157,8287
5157,8288
5157,8290
5157,8291
5157,8346
5157,8354
5157,8374
5157,8438
5157,8527
5157,8560
5157,8578
5157,8588
5157,8599
5157,8637
5157,8688
5157,8790
5157,8813
5157,8843
5157,8850
5157,8867
5157,8873
5157,8884
5157,8939
5157,8963
5157,9022
5157,9294
5157,9310
5157,9313
5157,9315
5157,9437
5157,9502
5157,9532
5157,9540
5157,9587
5157,9649
5157,9673
5157,9682
5157,9806
5157,9934
5157,9943
5157,9961
5157,9994
5157,10041
5157,10050
5157,10072
5157,10097
5157,10195
5157,10196
5157,10216
5157,10257
5157,10258
5157,10305
5157,10342
5157,10525
5157,10615
5157,10626
5157,10644
5157,10699
5157,10714
5157,10831
5157,10964
5157,11064
5157,11108
5157,11118
5157,11125
5157,11169
5157,11191
5157,11285
5157,11358
5157,11364
5157,11383
5157,11435
5157,11457
5157,11499
5157,11599
5157,11670
5157,11672
5157,11692
5157,11733
5157,11735
5157,11749
5157,11795
5157,11808
5157,11846
5157,12052
5157,12053
5157,12134
5157,12210
5157,12262
5157,12304
5157,12419
5157,12421
5157,12458
5157,12553
5399,3842
5399,4482
5399,4955
5399,5145
5399,6352
5399,7265
5399,7351
5399,518
5619,3842
5619,2644
5687,2456
5687,6
5687,20
5687,544
5687,624
5687,1630
5687,2072
5687,2272
5687,2367
5687,2433
5687,2644
5687,2657
5687,2706
5687,3864
5687,4379
5687,5082
5687,5139
5687,5845
5687,6016
5687,7481
5687,7997
5687,8373
5687,8437
5687,9308
5687,9845
5687,9966
5687,10393
5687,11767
5687,12354
5851,6
5851,2491
5851,259
5851,4910
5851,8990
5851,12206
6455,2433
6526,8486
6526,5552
6526,6392
6526,20
6698,7684
6698,12140
6698,1336
6938,5552
6938,6392
6938,2433
7114,3842
7114,5145
7114,2644
7206,2491
7206,3842
7206,518
7406,6954
7666,5145
7666,12206
7762,1201
7910,3842
7910,5145
7910,58
7910,2644
8011,3842
8186,3725
8186,7265
8186,7351
8186,9094
8186,9291
8186,5654
8429,8646
8429,6954
8429,20
8429,2433
8465,8363
8611,5591
8611,6862
8611,10176
8611,4375
8632,10688
8632,3009
8632,5451
8632,5552
8632,6392
8632,7823
8632,2744
8632,8175
8632,4394
8632,7938
8632,8066
8820,2456
8820,8267
8820,3725
8820,3842
8820,5145
8820,9094
8820,3888
8820,9872
8820,11588
9662,3842
9997,3842
9997,10176
9997,2644
10105,12140
10105,8710
10105,1179
10176,6
10176,2491
10176,3842
10176,5145
10176,41
10176,143
10176,168
10176,212
10176,292
10176,374
10176,617
10176,629
10176,640
10176,844
10176,893
10176,942
10176,1030
10176,1099
10176,1192
10176,1406
10176,1550
10176,1574
10176,1685
10176,1831
10176,1905
10176,1958
10176,2213
10176,2248
10176,2465
10176,2520
10176,2591
10176,2701
10176,2874
10176,2882
10176,2993
10176,3296
10176,3311
10176,3322
10176,3475
10176,3487
10176,3549
10176,3568
10176,3618
10176,3653
10176,3662
10176,3685
10176,3937
10176,3997
10176,4379
10176,4424
10176,4436
10176,4620
10176,4699
10176,4786
10176,4792
10176,4907
10176,4932
10176,5082
10176,5287
10176,5489
10176,5524
10176,5669
10176,5996
10176,5998
10176,6058
10176,6241
10176,6282
10176,6330
10176,6368
10176,6460
10176,6555
10176,6752
10176,6781
10176,6917
10176,6983
10176,7009
10176,7239
10176,7280
10176,7285
10176,7288
10176,7378
10176,7495
10176,7596
10176,7653
10176,7809
10176,7810
10176,7813
10176,7922
10176,8227
10176,8231
10176,8337
10176,8454
10176,8586
10176,9097
10176,9436
10176,9485
10176,9616
10176,9689
10176,9738
10176,9768
10176,9795
10176,9830
10176,9862
10176,9896
10176,9962
10176,10336
10176,10368
10176,10422
10176,10423
10176,10437
10176,10646
10176,10661
10176,10681
10176,10686
10176,10963
10176,11181
10176,11212
10176,11372
10176,11474
10176,11516
10176,11522
10176,11597
10176,11634
10176,11684
10176,11685
10176,11753
10176,11789
10176,11855
10176,11876
10176,11919
10176,11944
10176,11962
10176,12039
10176,12072
10176,12091
10176,12099
10176,12164
10176,12289
10176,12297
10176,12338
10176,12340
10176,12387
10176,12397
10176,12408
10176,12438
10176,12471
10176,12489
10176,12555
10736,3842
11052,12254
11483,5145
11612,1431
12015,3009
12015,5145
12278,3842
12278,5145
12278,2644
12505,5552
12505,6392
12505,2433
12505,3202
419,7351
1325,6783
1325,2264
2355,4066
2355,8363
2559,10717
2559,12140
4344,2456
4396,4066
4396,8363
4592,5451
4611,2462
5712,4031
6857,1264
6857,7960
6954,6
6954,1183
6954,1380
6954,1459
6954,2108
6954,2399
6954,2402
6954,3217
6954,3221
6954,4328
6954,4764
6954,4857
6954,4948
6954,4972
6954,5318
6954,5358
6954,5844
6954,5953
6954,7132
6954,7608
6954,7970
6954,8161
6954,8363
6954,8676
6954,9301
6954,9708
6954,9736
6954,9831
6954,10031
6954,10198
6954,11253
6954,11878
6954,12147
6954,12419
7838,4955
8363,6
8363,2084
8363,4066
8363,131
8363,370
8363,425
8363,432
8363,445
8363,1111
8363,1614
8363,2157
8363,2228
8363,2478
8363,2600
8363,2874
8363,3014
8363,3327
8363,3398
8363,3690
8363,3765
8363,3920
8363,3975
8363,4161
8363,4229
8363,4233
8363,4377
8363,4545
8363,4711
8363,4736
8363,4779
8363,4812
8363,4850
8363,5133
8363,5362
8363,5739
8363,5996
8363,6072
8363,6170
8363,6427
8363,6495
8363,6497
8363,6782
8363,7150
8363,7582
8363,7706
8363,7821
8363,7833
8363,8257
8363,8411
8363,8990
8363,9051
8363,9145
8363,9738
8363,9940
8363,9962
8363,9978
8363,10170
8363,10209
8363,10576
8363,10681
8363,10752
8363,11190
8363,11253
8363,11309
8363,11401
8363,11601
8363,11651
8363,11725
8363,12046
8748,4482
8748,12140
9422,5451
9753,8175
10535,5130
10535,407
10535,5451
10874,12140
2432,1760
5978,556
5978,12140
9256,556
9373,7365
312,3304
1105,4482
2800,6862
2800,7365
2800,4955
2800,1280
2800,2644
4161,5451
4818,3304
5272,7467
5655,7684
6862,58
6862,901
6862,1366
6862,1760
6862,1982
6862,2590
6862,6173
6862,6718
6862,8522
6862,8873
6862,9083
6862,10041
6862,11319
6862,11771
6862,11782
6862,11906
8003,1739
9616,4623
10356,4623
10567,5552
4189,8646
4244,2456
4244,9872
4341,2084
4341,9006
4341,1179
7285,1505
7285,4482
7285,6352
7285,9294
9160,12140
9258,6352
9258,58
9258,9294
421,1179
7491,2456
7491,3842
7491,9872
8096,2980
8096,8533
8096,20
8962,7684
11131,8710
1291,525
10190,4031
10190,12140
10468,12140
2452,1646
5093,1827
5093,2744
5224,2456
5224,8646
6964,8175
6964,11268
8941,2456
8941,12140
11891,8646
388,7823
471,5451
734,694
734,3725
734,9092
734,5654
895,5130
895,9119
895,7351
895,9843
895,3888
1625,3725
1625,5145
2319,7265
2319,7351
2319,10481
2319,11588
2319,5654
2655,2445
2719,9977
2932,5667
2975,8486
3017,4031
3057,2456
3057,9872
3277,3725
3635,5667
3635,10717
3799,3304
3799,12140
3799,4394
3864,11772
4112,9119
4185,3725
4185,5145
4185,6352
4190,12140
4462,12140
4665,5130
4665,407
4665,4482
4665,5451
4681,7938
4684,5667
4684,10717
4765,3725
5643,2456
5643,9872
6170,5451
6250,9843
7219,8486
7219,4066
7421,3009
7421,4955
7438,2980
7438,7265
7438,1179
7586,3842
7699,6392
7837,9094
8145,8643
8145,5431
8145,7938
8476,20
8476,2433
8592,9977
9065,6352
9065,525
9117,3178
9117,4399
9117,8596
9117,9094
9117,10607
9119,2996
9119,7807
9119,8967
9119,10299
9121,9123
9189,7351
9330,7224
9330,5667
9330,2433
9349,4066
9349,12140
9444,9977
9444,9872
9658,5552
10336,9094
10336,5431
10413,5667
10413,12140
10413,467
10688,9357
10688,625
10688,740
10688,829
10688,1977
10688,2399
10688,2835
10688,4038
10688,4484
10688,5236
10688,6396
10688,8442
10688,8980
10688,9966
10688,10466
10688,10746
10688,10854
10688,10886
10688,11113
10688,11117
10688,11798
10688,11854
10688,11889
10688,12138
10752,10128
10752,10717
10752,10808
10808,8
10808,10128
10808,10717
10808,2992
10808,3456
10808,4545
10808,5463
10808,6447
10808,6981
10808,7576
10808,9785
10808,9989
10808,12140
11105,4623
11180,10618
11636,10717
11889,7351
11926,1280
12110,12140
12110,2433
12496,4623
2456,127
2456,362
2456,518
2456,545
2456,567
2456,592
2456,601
2456,674
2456,1289
2456,1431
2456,1546
2456,1670
2456,1863
2456,2057
2456,2330
2456,2370
2456,2399
2456,2446
2456,2597
2456,2838
2456,2984
2456,3213
2456,3536
2456,3604
2456,3967
2456,3973
2456,3986
2456,4002
2456,4119
2456,4351
2456,4569
2456,4654
2456,5115
2456,5203
2456,5331
2456,5450
2456,6520
2456,6980
2456,7138
2456,7619
2456,7669
2456,7707
2456,7726
2456,7927
2456,8025
2456,8064
2456,8373
2456,8404
2456,8405
2456,8509
2456,8646
2456,8833
2456,8988
2456,9095
2456,9099
2456,9218
2456,9245
2456,9367
2456,9494
2456,9496
2456,9789
2456,9822
2456,9839
2456,9966
2456,10104
2456,10205
2456,10747
2456,10826
2456,10827
2456,10883
2456,11061
2456,11106
2456,11376
2456,11521
2456,11586
2456,11651
2456,12003
2456,12108
2456,12119
2456,12518
2570,2468
2570,3223
2570,3327
2570,3407
2570,4457
2570,5054
2570,5820
2570,6076
2570,7933
2570,8511
2570,9336
2570,9826
3304,1388
3304,1869
3304,2166
3304,4738
3304,5218
3304,5996
3304,6718
3304,7584
3304,10405
3304,11741
3304,12140
5130,407
5130,633
5130,1426
5130,1760
5130,2862
5130,3327
5130,3619
5130,3645
5130,3883
5130,3919
5130,4318
5130,4413
5130,4482
5130,4484
5130,5458
5130,5695
5130,5732
5130,5996
5130,6000
5130,6063
5130,6352
5130,7327
5130,9410
5130,9908
5130,10040
5130,10041
5130,10042
5130,10299
5130,10341
5130,10439
5130,10481
5130,10563
5130,10802
5130,10948
5130,10950
5130,11027
5130,11114
5130,11423
5130,11651
5130,11784
5130,11893
5130,12081
5130,12107
5130,12152
5130,12221
5130,12233
5130,12242
5130,12371
5591,702
5591,959
5591,2327
5591,3121
5591,3777
5591,4186
5591,4510
5591,5139
5591,5755
5591,7596
5591,8928
5591,11753
5889,1253
5889,7778
6783,168
6783,826
6783,940
6783,1036
6783,1593
6783,1724
6783,1836
6783,3487
6783,3999
6783,4955
6783,7009
6783,7265
6783,7596
6783,10072
6783,10095
6783,10681
6783,11474
6783,11753
6783,11910
7365,464
7365,657
7365,971
7365,4744
7365,5797
7365,5923
7365,6352
7365,7401
7365,8788
7365,8969
7365,9059
7365,9165
7365,9690
7365,10121
7365,10150
7365,11114
7365,11338
7365,11545
7365,11625
8267,6784
8646,20
8646,78
8646,362
8646,395
8646,497
8646,545
8646,563
8646,771
8646,1003
8646,1106
8646,1370
8646,1463
8646,1658
8646,1710
8646,1756
8646,1854
8646,1863
8646,1882
8646,1977
8646,2021
8646,2330
8646,2399
8646,2473
8646,2788
8646,2838
8646,3037
8646,3070
8646,3097
8646,3175
8646,3316
8646,3392
8646,3536
8646,3973
8646,4002
8646,4119
8646,4229
8646,4271
8646,4354
8646,4630
8646,4654
8646,4889
8646,5022
8646,5023
8646,5115
8646,5193
8646,5203
8646,5331
8646,5579
8646,5750
8646,6256
8646,6329
8646,6801
8646,6906
8646,7618
8646,7619
8646,7934
8646,7996
8646,8123
8646,8165
8646,8918
8646,9068
8646,9099
8646,9182
8646,9367
8646,9525
8646,9659
8646,9706
8646,9789
8646,9822
8646,9966
8646,10130
8646,10437
8646,10459
8646,10827
8646,10883
8646,11521
8646,11523
8646,11651
8646,11716
8646,11771
8646,12003
8646,12052
8646,12156
9357,5915
10618,826
10618,2254
10618,3324
10618,3931
10618,4047
10618,7492
10618,9178
10618,11197
20,3842
20,4623
20,467
20,518
20,900
20,1179
20,1280
20,1422
20,1620
20,1755
20,2235
20,2433
20,2462
20,2644
20,3202
20,3836
20,4050
20,4155
20,4237
20,4332
20,4380
20,4454
20,4900
20,5082
20,5281
20,5367
20,5506
20,5530
20,5571
20,5802
20,5833
20,6046
20,6772
20,7359
20,7591
20,7726
20,7754
20,8698
20,8868
20,9022
20,9176
20,9485
20,9774
20,10344
20,10365
20,11176
20,11349
20,12003
84,5451
403,5451
425,4482
425,6352
537,8486
633,7823
694,6
694,92
694,318
694,410
694,585
694,721
694,739
694,882
694,1067
694,1092
694,1505
694,1806
694,1818
694,2127
694,2211
694,2213
694,2300
694,2473
694,2567
694,2607
694,2629
694,2710
694,2715
694,2888
694,2982
694,3311
694,3921
694,3969
694,3983
694,4510
694,4600
694,4680
694,5078
694,5101
694,5744
694,6205
694,6361
694,6439
694,6966
694,7170
694,7239
694,7780
694,8265
694,8301
694,8433
694,8495
694,9314
694,9536
694,9608
694,9749
694,9790
694,10276
694,10353
694,10400
694,10492
694,10697
694,11230
694,11311
694,11742
694,12466
694,12573
804,9578
804,3842
804,2644
1933,6352
1933,9294
1933,2433
2828,2980
2981,3842
3612,12140
3738,3842
3738,9
3738,827
3738,1462
3738,4871
3738,4946
3738,5447
3738,9176
4029,3725
4029,3842
4224,12140
4224,9294
4318,12140
4509,2491
4509,9092
4548,4482
4663,3842
4910,1646
5139,7224
5139,5552
5139,6392
5139,9473
5254,4955
5764,8530
5845,1280
5845,2235
5845,2433
5845,2462
5845,3202
5951,9473
6000,7224
6006,7265
6086,8710
6894,3842
7232,2980
7232,4482
7348,1235
7348,12140
7348,9294
7400,4753
7400,4394
7559,3842
7559,2644
7695,5451
7709,7823
7709,9473
7870,7823
8038,12140
8077,4066
8262,3842
8369,5552
8369,6392
8625,12140
8830,9294
8915,7265
9038,10717
9182,1760
9319,7265
9937,7523
9937,9092
9966,9977
9966,1336
9966,518
10370,3842
10393,1422
10393,2235
10393,2433
10393,2462
10393,3202
10439,6352
10439,7351
11136,3842
11136,9843
11190,4066
11190,8066
11560,3842
11762,3842
11762,10855
12308,3842
12308,12140
12308,2644
12341,3842
12341,9843
3722,5145
4253,12140
4736,1431
4736,2084
4736,4066
5553,5667
5582,8710
5996,4482
5996,6352
5996,7351
5996,9094
5996,10481
6139,1431
6675,3842
6675,11772
6675,5431
7351,6
7351,4066
7351,5552
7351,6352
7351,6392
7351,33
7351,197
7351,246
7351,264
7351,313
7351,368
7351,378
7351,454
7351,515
7351,525
7351,557
7351,601
7351,657
7351,711
7351,761
7351,901
7351,1042
7351,1070
7351,1072
7351,1085
7351,1107
7351,1208
7351,1223
7351,1242
7351,1333
7351,1355
7351,1477
7351,2041
7351,2185
7351,2209
7351,2248
7351,2309
7351,2323
7351,2337
7351,2871
7351,2906
7351,2938
7351,2968
7351,3221
7351,3283
7351,3487
7351,3503
7351,3592
7351,3881
7351,3890
7351,4076
7351,4174
7351,4184
7351,4250
7351,4287
7351,4417
7351,4687
7351,4727
7351,4812
7351,4867
7351,4926
7351,4961
7351,5022
7351,5144
7351,5232
7351,5284
7351,5310
7351,5365
7351,5381
7351,5907
7351,5982
7351,6010
7351,6095
7351,6244
7351,6258
7351,6277
7351,6346
7351,6513
7351,6543
7351,6673
7351,6709
7351,6839
7351,6925
7351,6935
7351,6943
7351,7025
7351,7065
7351,7132
7351,7197
7351,7514
7351,7747
7351,7927
7351,8103
7351,8106
7351,8348
7351,8469
7351,8559
7351,8706
7351,8854
7351,9027
7351,9059
7351,9168
7351,9172
7351,9186
7351,9472
7351,9479
7351,9533
7351,9597
7351,9648
7351,9726
7351,9732
7351,9743
7351,9758
7351,9896
7351,9900
7351,9907
7351,9962
7351,10022
7351,10148
7351,10149
7351,10391
7351,10599
7351,10637
7351,10657
7351,10761
7351,10845
7351,10963
7351,11126
7351,11243
7351,11406
7351,11556
7351,11671
7351,11834
7351,11977
7351,12049
7351,12062
7351,12140
7351,12177
7351,12245
7351,12501
7351,12506
7702,8066
8522,7265
8522,5431
8988,9872
9907,10481
10041,1760
10041,3842
10041,12140
10041,8066
10717,8
10717,10128
10717,1005
10717,1243
10717,1786
10717,2899
10717,5036
10717,6144
10717,7576
10717,7919
10717,8398
10717,8754
10717,9508
10717,9769
10717,9794
10717,9832
10717,9989
10717,10006
10717,10335
10717,11473
10717,12140
10717,12208
11435,7224
11643,9843
12491,2433
127,9872
518,9092
518,21
518,184
518,237
518,994
518,1146
518,2295
518,2421
518,2644
518,3649
518,4275
518,4334
518,4745
518,5755
518,5925
518,6014
518,6098
518,6180
518,6636
518,7658
518,8108
518,9459
518,9518
518,9943
518,10299
518,10996
518,11275
518,11692
567,5451
567,9872
1431,6
1431,143
1431,559
1431,619
1431,825
1431,1021
1431,1032
1431,1174
1431,1205
1431,1258
1431,1324
1431,1632
1431,1887
1431,1916
1431,2300
1431,2312
1431,2451
1431,2772
1431,2911
1431,3225
1431,3898
1431,4258
1431,4547
1431,4709
1431,4841
1431,4901
1431,5073
1431,5359
1431,6072
1431,6166
1431,6464
1431,7330
1431,7383
1431,7667
1431,7821
1431,7963
1431,7992
1431,7997
1431,8175
1431,8511
1431,8542
1431,8575
1431,8600
1431,8973
1431,9045
1431,9366
1431,9414
1431,9508
1431,9666
1431,9896
1431,9962
1431,10175
1431,11354
1431,11515
1431,11772
1431,12443
1546,5431
1546,7938
1546,12176
1670,9872
1863,7938
2057,3888
2370,9872
2399,2433
3604,12140
3604,9872
3967,8486
3967,9872
3986,2433
4002,2433
4119,9843
4119,9872
4351,9294
5115,1336
5331,8643
5331,5431
6520,3842
6520,3888
6520,9872
7138,9872
7707,1235
7927,4482
7927,6352
8025,9872
8025,9294
8404,9872
9095,9872
9245,1760
9245,7938
9367,8486
9494,9872
9496,9872
9789,407
9839,9872
10104,4482
10205,9872
10826,9872
10883,9872
11061,9872
11376,9872
11521,9294
11586,9872
11651,7224
11651,5451
11651,4031
11651,467
11651,900
12003,3842
12003,4955
12003,7265
12003,8643
12003,9294
12003,1422
12119,467
12518,9872
8511,6352
9336,474
1336,3654
1336,15
1336,74
1336,641
1336,1003
1336,1380
1336,2159
1336,2613
1336,2835
1336,4455
1336,4948
1336,5360
1336,5517
1336,5701
1336,7482
1336,7634
1336,7937
1336,7938
1336,7992
1336,9508
1336,9577
1336,10225
1336,11239
1336,11457
1336,11584
1336,11872
1336,11991
1336,12288
1854,7938
2241,9123
3876,8486
4229,4066
4948,5431
5218,9977
7819,11588
11215,9977
1388,12140
4738,7684
6718,5451
6718,12140
6718,4394
7584,12140
12140,4482
12140,8
12140,212
12140,240
12140,377
12140,1070
12140,1202
12140,1935
12140,2273
12140,2296
12140,2417
12140,2811
12140,2948
12140,2992
12140,3116
12140,3297
12140,3456
12140,4152
12140,4387
12140,4639
12140,4795
12140,5232
12140,5279
12140,5376
12140,5415
12140,5483
12140,5542
12140,5559
12140,5644
12140,5731
12140,5742
12140,5822
12140,5849
12140,5929
12140,6002
12140,6272
12140,6288
12140,6447
12140,6732
12140,7044
12140,7103
12140,7227
12140,7261
12140,7339
12140,7447
12140,7499
12140,7802
12140,7818
12140,7919
12140,8036
12140,8095
12140,8106
12140,8141
12140,8308
12140,8387
12140,8451
12140,8469
12140,8518
12140,8668
12140,8935
12140,9083
12140,9108
12140,9109
12140,9222
12140,9405
12140,9512
12140,9755
12140,9828
12140,9872
12140,9946
12140,9959
12140,10263
12140,10303
12140,10565
12140,10647
12140,10771
12140,11364
12140,11397
12140,11420
12140,11596
12140,11649
12140,11843
12140,12262
12140,12375
12140,12415
87,9294
140,9294
394,5431
1017,2433
1235,6
1235,1693
1235,7081
1235,12146
1459,5654
1466,3842
1543,3888
1543,4031
1671,8486
1706,3009
1706,3842
1935,3888
1935,4031
2056,4955
2117,5431
2157,6392
2157,9094
2327,2491
2327,12206
2491,6
2491,2266
2491,230
2491,326
2491,558
2491,778
2491,1067
2491,1339
2491,1712
2491,1929
2491,2148
2491,2525
2491,2903
2491,3012
2491,3187
2491,3647
2491,3649
2491,3766
2491,3926
2491,4034
2491,4258
2491,4306
2491,4824
2491,5047
2491,5132
2491,5182
2491,5465
2491,5909
2491,6123
2491,6174
2491,6212
2491,6387
2491,6525
2491,6595
2491,7265
2491,7523
2491,7570
2491,7701
2491,7793
2491,8044
2491,8512
2491,9366
2491,10470
2491,11043
2491,11511
2491,11890
2491,12135
2748,7224
2748,3842
2748,4955
2885,7265
2922,5552
2922,6392
3441,5431
3487,1048
3487,4955
3487,5431
3487,8066
3610,7265
3610,10855
3725,6
3725,846
3725,1204
3725,1210
3725,1654
3725,2442
3725,2558
3725,2602
3725,2613
3725,2757
3725,2875
3725,3351
3725,3662
3725,3774
3725,3835
3725,3939
3725,3940
3725,4304
3725,4400
3725,4608
3725,4820
3725,5037
3725,5039
3725,5654
3725,6330
3725,6608
3725,6704
3725,6893
3725,7064
3725,7093
3725,7293
3725,7541
3725,7658
3725,7856
3725,7934
3725,8234
3725,8390
3725,8521
3725,8850
3725,8881
3725,9294
3725,9472
3725,9508
3725,9663
3725,9757
3725,10216
3725,10395
3725,10470
3725,10628
3725,11139
3725,11229
3725,11457
3725,11506
3725,12050
3725,12262
3725,12267
3725,12562
3842,6
3842,1505
3842,39
3842,57
3842,58
3842,171
3842,294
3842,730
3842,966
3842,993
3842,1084
3842,1597
3842,1711
3842,1806
3842,2147
3842,2204
3842,2436
3842,2506
3842,2553
3842,2657
3842,2754
3842,2813
3842,2882
3842,2989
3842,3053
3842,3338
3842,3367
3842,3662
3842,3672
3842,3697
3842,3734
3842,3770
3842,3774
3842,3782
3842,3838
3842,3898
3842,3982
3842,3996
3842,4061
3842,4087
3842,4212
3842,4308
3842,4377
3842,4388
3842,4613
3842,4620
3842,4774
3842,4906
3842,5107
3842,5142
3842,5145
3842,5175
3842,5182
3842,5212
3842,5412
3842,5612
3842,5755
3842,5814
3842,6098
3842,6132
3842,6140
3842,6351
3842,6555
3842,6849
3842,7022
3842,7126
3842,7127
3842,7195
3842,7265
3842,7363
3842,7401
3842,7418
3842,7479
3842,7591
3842,7596
3842,7807
3842,7934
3842,7985
3842,7996
3842,8020
3842,8133
3842,8185
3842,8230
3842,8243
3842,8383
3842,8386
3842,8413
3842,8435
3842,8517
3842,8542
3842,8606
3842,8696
3842,8761
3842,8798
3842,8867
3842,8876
3842,9063
3842,9105
3842,9294
3842,9314
3842,9459
3842,9508
3842,9608
3842,9668
3842,9670
3842,9687
3842,9689
3842,9749
3842,9843
3842,9962
3842,10175
3842,10466
3842,10595
3842,10831
3842,11277
3842,11285
3842,11562
3842,12218
3842,12247
3842,12281
3842,12526
4038,4623
4192,2980
4482,6
4482,366
4482,557
4482,593
4482,1839
4482,2573
4482,2871
4482,2906
4482,3221
4482,3516
4482,3996
4482,4540
4482,4753
4482,5666
4482,7065
4482,7132
4482,7448
4482,7489
4482,7509
4482,9728
4482,9754
4482,9828
4482,9989
4482,10751
4482,10761
4551,1179
4764,5654
4858,4955
4858,9291
4858,5431
4868,4955
4874,5431
4971,5431
5039,11588
5237,8486
5247,3850
5347,8066
5473,5431
5530,5654
5530,2433
5608,7684
5787,4955
5841,4955
6021,9294
6352,6
6352,19
6352,559
6352,587
6352,593
6352,841
6352,1021
6352,1630
6352,1839
6352,1916
6352,2055
6352,2149
6352,2242
6352,2310
6352,2573
6352,2579
6352,2756
6352,2772
6352,2874
6352,2906
6352,2955
6352,3516
6352,3898
6352,3996
6352,3999
6352,4441
6352,4547
6352,4583
6352,4901
6352,5230
6352,5327
6352,5666
6352,6072
6352,6339
6352,6450
6352,6563
6352,6693
6352,7065
6352,7448
6352,7509
6352,7758
6352,7823
6352,7932
6352,7963
6352,8307
6352,8942
6352,9733
6352,9743
6352,9989
6352,10102
6352,10192
6352,10761
6352,10831
6352,11601
6352,12005
6352,12037
6352,12476
6734,1179
6917,5145
7265,6
7265,3009
7265,74
7265,134
7265,143
7265,196
7265,326
7265,563
7265,779
7265,885
7265,1091
7265,2265
7265,2682
7265,3259
7265,3556
7265,3649
7265,3897
7265,3906
7265,4055
7265,4251
7265,4399
7265,4510
7265,4574
7265,4819
7265,5030
7265,5182
7265,5212
7265,5909
7265,6453
7265,7388
7265,7570
7265,7701
7265,7779
7265,7985
7265,8044
7265,8307
7265,8500
7265,8512
7265,8970
7265,8976
7265,9041
7265,9473
7265,10050
7265,10301
7265,10303
7265,11410
7265,11571
7265,11689
7265,12206
7362,6
7362,39
7362,1698
7362,2641
7362,3812
7362,4117
7362,7526
7362,8616
7362,9295
7362,11709
7418,4955
7509,10481
7509,846
7531,12276
7591,2433
7761,9294
7985,8066
8319,11588
8450,10855
8960,4955
8960,5431
8981,8486
9123,6
9123,6392
9123,322
9123,2668
9123,3303
9123,3765
9123,4635
9123,5755
9123,6275
9123,7065
9123,10837
9123,10969
9123,11182
9517,7823
10453,11268
10481,6
10481,246
10481,273
10481,366
10481,2906
10481,4225
10481,4812
10481,5011
10481,5164
10481,5747
10481,5886
10481,6467
10481,7132
10481,7165
10481,7721
10481,8176
10481,8839
10481,9238
10481,9666
10481,9728
10481,9733
10481,10043
10481,10716
10481,10749
10481,10831
10481,10963
10481,12376
10532,11268
10574,9291
10681,4955
10681,5552
10831,5145
10831,8530
10890,2980
10890,8533
10890,9578
10920,2980
10920,8533
10920,9578
11348,4955
11348,3493
12146,58
12218,2644
12262,5654
12263,11772
12276,1505
12276,1806
12276,3185
12276,6715
407,6
407,423
407,3059
407,4729
407,7441
407,9896
407,10143
407,11154
407,11311
1760,6
1760,725
1760,1174
1760,3297
1760,4009
1760,4160
1760,5164
1760,5202
1760,6065
1760,8149
1760,8839
1760,8875
1760,10174
1760,10856
1760,11878
1760,12246
3883,4955
3919,9473
9908,4753
702,1179
3121,10452
5755,4955
5755,9092
5755,9294
5755,2644
7596,4375
8928,5451
940,1280
1593,2980
4955,6
4955,1517
4955,1941
4955,2204
4955,3830
4955,3982
4955,4458
4955,4984
4955,7300
4955,7375
4955,7401
4955,7523
4955,7632
4955,7779
4955,8388
4955,10071
4955,10216
4955,10230
4955,10837
4955,11457
4955,12377
7009,8066
10095,7823
11474,2644
11910,8486
11910,5451
58,15
58,143
58,1870
58,1878
58,1982
58,3396
58,4819
58,8307
58,8352
58,10640
58,10888
58,11195
58,11266
58,11780
901,7684
1982,15
1982,3157
1982,3396
1982,7971
9083,6392
143,1264
143,5451
557,9291
557,7960
1021,1264
2303,7823
2369,9473
2724,2980
2724,9578
2846,5451
2871,5451
3049,3009
3844,4031
3914,9294
4334,4031
4334,5431
5451,6
5451,128
5451,288
5451,300
5451,358
5451,464
5451,522
5451,718
5451,873
5451,1005
5451,1192
5451,1379
5451,1523
5451,1680
5451,1905
5451,2064
5451,2068
5451,2228
5451,2259
5451,2280
5451,2302
5451,2630
5451,2874
5451,3031
5451,3088
5451,3337
5451,3417
5451,3853
5451,3895
5451,4343
5451,4447
5451,4900
5451,5159
5451,5379
5451,5532
5451,5574
5451,5797
5451,6072
5451,6244
5451,7448
5451,8024
5451,8257
5451,8559
5451,8805
5451,9145
5451,9269
5451,9738
5451,11285
5451,11431
5451,11597
5451,12046
5451,12339
5451,12488
5451,12530
5477,7823
5852,4066
6033,9473
6174,6517
6174,7523
6174,12206
6396,7823
6396,9473
7065,5552
7065,6392
7448,1201
7448,5552
7448,6392
7823,6
7823,530
7823,906
7823,907
7823,1043
7823,1075
7823,1298
7823,1404
7823,1687
7823,1746
7823,2010
7823,2046
7823,2519
7823,2565
7823,2803
7823,3972
7823,4345
7823,5731
7823,6332
7823,6380
7823,6581
7823,6655
7823,8867
7823,9108
7823,9370
7823,9473
7823,10212
7823,10357
7823,11566
7823,11596
7823,11692
7823,11913
7823,12270
7823,12566
8844,3059
8875,427
8875,1329
8875,1868
8875,11081
9012,525
9012,1827
9012,2744
9012,11268
9309,5431
9728,9294
9733,9291
9896,6392
9896,8066
9989,10128
10015,9291
9743,5667
11354,1264
11798,12206
971,5431
4744,6392
7401,2980
10121,9843
6784,11772
1756,8643
1882,5431
3392,9092
6906,9294
7934,5654
7934,2644
7996,1280
7996,1620
9094,6
9094,661
9094,1506
9094,1633
9094,2071
9094,2968
9094,6474
9094,7674
9094,9424
8442,9843
10466,9843
12138,9843
4,8486
8486,54
8486,130
8486,283
8486,335
8486,521
8486,860
8486,899
8486,950
8486,1025
8486,1031
8486,1041
8486,1267
8486,1378
8486,1406
8486,1500
8486,1511
8486,1813
8486,1889
8486,2283
8486,2324
8486,2359
8486,2415
8486,2681
8486,2733
8486,2810
8486,2968
8486,3018
8486,3287
8486,3436
8486,3438
8486,3559
8486,3578
8486,4152
8486,4392
8486,4506
8486,4649
8486,5089
8486,5144
8486,5333
8486,5361
8486,5379
8486,5390
8486,5391
8486,5456
8486,5500
8486,5544
8486,5576
8486,5842
8486,5907
8486,5933
8486,6048
8486,6491
8486,6617
8486,6903
8486,7075
8486,7237
8486,7276
8486,7757
8486,7769
8486,7960
8486,7974
8486,7979
8486,8083
8486,8132
8486,8396
8486,8445
8486,8482
8486,8506
8486,8688
8486,8829
8486,8910
8486,8954
8486,9166
8486,9205
8486,9265
8486,9299
8486,9346
8486,9529
8486,9628
8486,9639
8486,9657
8486,9835
8486,9962
8486,10080
8486,10248
8486,10596
8486,10620
8486,10641
8486,10698
8486,11035
8486,11389
8486,11524
8486,11555
8486,11616
8486,11622
8486,11671
8486,12116
1031,474
2968,5145
3578,7
3578,525
3578,1868
3578,2264
3578,2744
3578,3059
3578,3369
3578,1067
3578,1169
3578,3552
3578,3654
3578,4653
3578,4925
3578,7960
3578,8149
3578,8175
3578,9343
3578,9449
3578,9666
3578,9771
3578,9880
3578,11267
4506,474
5333,3678
6617,1646
7075,2264
7960,7
7960,556
7960,1868
7960,2264
7960,2744
7960,3059
7960,3654
7960,4635
7960,5273
7960,6224
7960,7777
7960,8061
7960,9206
7960,9343
7960,11991
9962,5145
9962,5654
9962,9294
5,2980
5,7224
5,8533
5,9578
5,11020
2980,162
2980,1136
2980,2977
2980,2978
2980,3165
2980,3764
2980,4933
2980,5533
2980,6467
2980,7708
2980,8533
2980,8862
2980,9578
2980,11240
2980,11701
7224,881
7224,927
7224,1192
7224,1456
7224,2187
7224,2280
7224,3966
7224,6757
7224,8045
7224,8259
7224,8660
7224,8727
7224,9428
7224,10148
7224,10850
7224,11154
7224,11461
8533,1136
8533,2116
8533,2977
8533,3764
8533,7708
8533,8245
8533,9578
8533,11701
9578,846
9578,965
9578,1136
9578,2138
9578,2750
9578,3764
9578,3784
9578,3865
9578,4315
9578,5533
9578,5773
9578,9004
9578,9641
9578,9922
9578,9996
9578,11697
11020,7871
6467,846
7708,1646
927,5552
927,6392
2187,10128
2187,4623
8660,9977
8660,9872
9428,1264
11461,9872
846,15
846,5327
846,7284
846,8421
846,10561
14,1646
14,5346
14,6081
14,8709
14,8710
14,11350
14,11588
14,12406
1332,3888
4055,5145
4055,9872
4278,9291
6085,9872
9113,1505
9294,15
9294,122
9294,181
9294,1104
9294,1171
9294,1272
9294,1878
9294,1916
9294,2367
9294,2459
9294,3190
9294,3303
9294,3803
9294,3987
9294,4377
9294,4379
9294,4901
9294,5355
9294,5463
9294,5679
9294,5799
9294,6159
9294,6472
9294,6547
9294,6657
9294,6798
9294,6961
9294,7147
9294,7294
9294,7662
9294,7743
9294,8039
9294,8185
9294,8230
9294,8421
9294,8434
9294,8689
9294,9063
9294,9401
9294,9716
9294,9860
9294,10136
9294,10815
9294,11296
9294,11416
9294,11840
9294,12248
9294,12448
10113,11772
10113,4375
11746,1179
6,427
6,1048
6,1073
6,1201
6,1264
6,1496
6,1505
6,2084
6,2266
6,2445
6,2693
6,3009
6,3028
6,4066
6,4325
6,5145
6,5552
6,5615
6,6392
6,6517
6,7523
6,8584
6,9006
6,9092
6,9291
6,9404
6,9843
6,9977
6,11511
6,11772
6,12135
6,12206
6,12411
427,7606
427,10758
1048,4689
1048,7052
1048,9041
1048,9663
1073,3502
1201,11404
1264,490
1264,725
1264,1174
1264,1544
1264,3439
1264,4331
1264,4386
1264,6832
1264,7464
1264,9449
1264,9571
1264,9971
1264,11003
1264,11353
1264,11597
1496,433
1496,1811
1496,9473
1505,92
1505,301
1505,585
1505,791
1505,1806
1505,1998
1505,2196
1505,2629
1505,2715
1505,3185
1505,3921
1505,4233
1505,5118
1505,5215
1505,5744
1505,5941
1505,6205
1505,7233
1505,7549
1505,7564
1505,7580
1505,8948
1505,9314
1505,9836
1505,10294
1505,11230
1505,11311
1505,12162
1505,12299
2084,131
2084,1111
2084,4066
2084,4398
2084,4711
2084,7110
2084,7821
2084,9977
2084,10175
2084,10209
2084,11309
2084,11663
2084,11772
2266,7523
2266,9092
2445,10832
2693,8521
3009,57
3009,67
3009,120
3009,778
3009,878
3009,2527
3009,3217
3009,3280
3009,3314
3009,3699
3009,4370
3009,5814
3009,6289
3009,7168
3009,7981
3009,8037
3009,8310
3009,8419
3009,8524
3009,8800
3009,8937
3009,9037
3009,9492
3009,9508
3009,9555
3009,9668
3009,9911
3009,9912
3009,11438
3028,67
3028,778
3028,878
3028,3437
3028,5814
3028,6412
3028,7168
3028,7701
3028,8037
3028,8310
3028,8419
3028,8524
3028,8800
3028,9492
3028,9508
3028,9911
3028,11438
4066,131
4066,670
4066,984
4066,2600
4066,3690
4066,7182
4066,7706
4066,7821
4066,8161
4066,8902
4066,9831
4066,9977
4066,11309
4066,11344
4066,11519
4066,11933
4325,11803
5145,176
5145,367
5145,1345
5145,1517
5145,1633
5145,2067
5145,2613
5145,3053
5145,3416
5145,3774
5145,3996
5145,4062
5145,4184
5145,4774
5145,5316
5145,5701
5145,6200
5145,6662
5145,8037
5145,8278
5145,8770
5145,9508
5145,10482
5145,11562
5145,12523
5552,15
5552,43
5552,98
5552,135
5552,146
5552,577
5552,711
5552,1108
5552,2255
5552,2258
5552,2511
5552,2695
5552,3336
5552,3467
5552,3557
5552,3655
5552,4422
5552,4800
5552,5133
5552,5287
5552,5823
5552,6392
5552,6442
5552,6929
5552,7015
5552,7159
5552,7200
5552,7367
5552,8037
5552,8127
5552,8202
5552,8238
5552,8452
5552,8836
5552,9242
5552,9286
5552,10143
5552,10592
5552,10940
5552,10962
5552,11292
5552,11325
5552,11717
5552,12494
5615,4006
6392,43
6392,135
6392,146
6392,577
6392,711
6392,986
6392,1740
6392,2255
6392,2258
6392,2511
6392,2613
6392,2695
6392,2908
6392,3202
6392,3295
6392,3336
6392,3557
6392,3655
6392,3765
6392,3968
6392,4214
6392,4326
6392,4350
6392,4481
6392,4745
6392,4800
6392,5287
6392,5443
6392,5823
6392,6097
6392,6442
6392,6806
6392,7015
6392,7130
6392,7159
6392,7200
6392,7367
6392,7445
6392,8066
6392,8127
6392,8202
6392,8238
6392,8255
6392,8671
6392,8859
6392,9242
6392,9286
6392,9508
6392,10019
6392,10143
6392,10218
6392,10492
6392,10592
6392,10940
6392,10962
6392,11086
6392,11292
6392,11325
6392,11659
6392,11717
6392,12160
6392,12494
6517,230
6517,1339
6517,2203
6517,3102
6517,3521
6517,3558
6517,3647
6517,5132
6517,6123
6517,9366
6517,10138
6517,12463
7523,230
7523,778
7523,1310
7523,1339
7523,1711
7523,2203
7523,2298
7523,2751
7523,2903
7523,4221
7523,4239
7523,4824
7523,5132
7523,8781
7523,9277
7523,9366
7523,10250
7523,11155
7523,12187
7523,12206
7523,12463
8584,3921
9006,1638
9006,7736
9006,9056
9006,9625
9006,11306
9006,11898
9092,259
9092,857
9092,1146
9092,1646
9092,1742
9092,1998
9092,2873
9092,3597
9092,3683
9092,3742
9092,4221
9092,6246
9092,6704
9092,7593
9092,8090
9092,8105
9092,8642
9092,8710
9092,8741
9092,8762
9092,9214
9092,9518
9092,9784
9092,9931
9092,10940
9092,11541
9291,70
9291,1912
9291,2979
9291,3775
9291,5425
9291,5463
9291,7291
9291,7522
9291,7783
9291,9063
9291,9354
9291,10218
9291,10625
9291,10758
9291,11256
9843,1084
9843,1365
9843,1995
9843,2215
9843,3649
9843,6412
9843,6599
9843,7355
9843,7897
9843,8901
9843,9112
9843,10233
9843,11202
9843,12393
9977,670
9977,1995
9977,2247
9977,4972
9977,7326
9977,7372
9977,8161
9977,9831
9977,10628
9977,10805
9977,11177
9977,11344
9977,11772
9977,11933
9977,12173
11511,228
11511,6644
11511,9049
11511,11276
11511,12206
11772,92
11772,725
11772,3252
11772,4881
11772,5744
11772,8307
11772,8512
11772,10175
11772,10814
11772,10922
11772,11230
11772,11991
11772,12016
12135,3881
12206,228
12206,230
12206,326
12206,1339
12206,1654
12206,2411
12206,2903
12206,2965
12206,3647
12206,3649
12206,3766
12206,4626
12206,5030
12206,5047
12206,5132
12206,6123
12206,6212
12206,6351
12206,7570
12206,7793
12206,8044
12206,8105
12206,8359
12206,8413
12206,8560
12206,8990
12206,9184
12206,10361
12411,4006
12411,9968
12411,11703
12411,11748
3059,7
3059,1771
3059,1868
3059,2264
3059,2744
3059,539
3059,3099
3059,3369
3059,3654
3059,8049
3059,8460
3059,9343
3059,12092
11311,525
3697,2644
8374,9473
739,6481
1067,7684
9749,2644
1333,3678
3996,5431
3996,8066
5757,2433
5886,7467
9502,124
9663,6481
1544,11268
4331,7684
9449,1827
9971,474
11003,7684
11353,11834
1258,4394
4841,1827
4841,7077
4841,8175
4841,9771
4901,474
4901,8066
7997,4394
8175,7
8175,525
8175,1827
8175,873
8175,2271
8175,2454
8175,3554
8175,3616
8175,3783
8175,3920
8175,4609
8175,5135
8175,6552
8175,8176
8175,8187
8175,8447
8175,9414
8175,9489
8175,9666
8175,10846
8600,1646
9508,3678
9508,5431
9508,2644
9666,2264
9473,16
9473,66
9473,228
9473,249
9473,906
9473,1732
9473,1746
9473,2210
9473,2522
9473,2565
9473,3252
9473,3871
9473,3972
9473,4737
9473,4793
9473,5647
9473,5656
9473,5789
9473,5901
9473,6332
9473,6380
9473,7402
9473,7847
9473,7903
9473,8054
9473,8065
9473,8212
9473,8606
9473,8692
9473,8867
9473,9437
9473,10030
9473,10195
9473,10283
9473,10880
9473,11228
9473,12097
9473,12114
9473,12462
2413,6955
3678,11
3678,32
3678,264
3678,841
3678,3750
3678,4287
3678,5232
3678,5982
3678,6513
3678,8036
3678,10623
3678,11640
3678,11834
3678,12067
9555,6955
4609,11268
5196,8710
8524,11588
1210,2644
2613,5431
2613,2644
3662,1739
3662,6299
3662,6955
3662,2644
3774,2644
5654,15
5654,1572
5654,3240
5654,8280
5654,10386
11457,5431
11457,8066
1084,11268
1084,2644
3770,2644
3838,2644
4212,1739
4212,10452
4377,2644
4774,2644
4906,2644
5212,2644
6098,5431
7127,8643
7127,5431
7127,8066
8133,2644
9687,2644
4753,7
4753,3087
4753,4105
4753,9768
1941,4623
4458,5431
7300,5431
8388,5431
10071,8190
6200,2644
6662,525
3094,4623
3975,1827
3975,2264
8066,15
8066,4069
8066,7938
8066,74
8066,634
8066,641
8066,2405
8066,2815
8066,3964
8066,4455
8066,4819
8066,5514
8066,5766
8066,6507
8066,7260
8066,7380
8066,7634
8066,8327
8066,9577
8066,9941
8066,10103
8066,11239
8066,11584
8066,11867
8066,11872
8066,12288
8066,12449
8128,8710
11256,3369
12139,5431
358,2962
8257,900
15,947
15,1739
15,2070
15,3391
15,4069
15,4394
15,5431
15,6022
15,6299
15,6481
15,6955
15,7938
15,8530
15,10452
15,11704
15,12176
15,12254
98,10452
146,2433
577,2433
1108,10452
2255,2433
11717,8643
11717,7938
1630,4394
2433,2235
2433,4237
2433,4387
2433,4574
2433,6185
2433,6635
2433,8851
2433,10976
2433,11833
2644,11704
2644,2799
2644,4745
2644,6014
2644,7571
2644,9518
2644,9943
2644,11193
2644,12207
2706,4394
9308,3888
9308,4031
9845,8190
19,3493
841,11834
4583,5667
6563,1755
2908,3202
4745,4031
11086,7938
12160,900
1169,1827
1827,7
1827,1329
1827,801
1827,2162
1827,2744
1827,3161
1827,3920
1827,4165
1827,4653
1827,4926
1827,6211
1827,6332
1827,8176
1827,8187
1827,8293
1827,8603
1827,9355
1827,9597
1827,10414
1827,10846
10694,2264
3102,1179
1380,5431
5953,7938
11253,900
246,9872
525,7
525,919
525,2637
525,2744
525,2745
525,3161
525,7467
525,8187
525,10846
525,12348
1070,7684
5232,9872
5232,11834
5982,11834
6346,7684
6346,9872
9186,11834
10599,3888
10599,4031
10963,2962
11834,11
11834,32
11834,906
11834,2760
11834,3750
11834,3757
11834,3828
11834,7038
11834,8417
11834,9504
11834,10623
11834,11640
7,474
7,556
7,1329
7,1771
7,1868
7,2264
7,2744
7,2962
7,3369
7,3654
7,5317
7,7077
7,7467
7,7684
7,8061
7,9343
7,9771
7,10855
7,11081
7,11268
169,11588
467,2012
467,2044
467,9603
597,9872
900,906
900,2731
900,5462
900,7269
900,10039
1007,9872
2235,2318
2235,3177
2235,3847
2235,3880
2235,4199
2235,4832
2235,5150
2235,8642
2235,9841
2235,9931
2986,9872
3054,5667
3850,13
3850,1690
3850,2717
3850,3131
3850,5416
3850,5734
3850,6246
3850,6397
3850,7763
3850,8105
3850,8130
3850,10577
5257,7684
6188,5431
6742,8643
6742,5431
8778,12254
8843,4031
9024,11268
9833,1739
10039,10855
10126,7938
10506,4623
11587,2264
12304,4031
11692,4031
3920,11268
6427,7684
1146,6955
1646,675
1646,1110
1646,1714
1646,1742
1646,2145
1646,4557
1646,4921
1646,6005
1646,6360
1646,6424
1646,6481
1646,6955
1646,7059
1646,7207
1646,7547
1646,8530
1646,8741
1646,9354
1646,9596
1646,10127
1646,10374
1646,11080
1646,11349
1646,11779
1646,12148
1742,8530
8710,1510
8710,1755
8710,1938
8710,2277
8710,4557
8710,5099
8710,5367
8710,5433
8710,5972
8710,6549
8710,7359
8710,8421
8710,9827
8710,10734
8710,11500
8710,11507
8710,12343
8741,8530
661,6481
661,6955
7522,4375
1995,5431
9485,1280
5747,1739
8176,1329
8176,2264
8176,11268
11991,10452
474,2516
474,2755
474,3011
474,3726
474,5891
474,7847
556,1868
556,2264
556,2744
556,3369
556,3654
556,5190
556,7798
556,8939
556,9343
556,10460
1329,6560
1771,1868
1771,8061
1868,2264
1868,2744
1868,3344
1868,3369
1868,3654
1868,4598
1868,5862
1868,7077
1868,8061
1868,8070
1868,8330
1868,9343
1868,9374
1868,9771
2264,2440
2264,2744
2264,3369
2264,3654
2264,8061
2264,9343
2264,10846
2264,11929
2744,3369
2744,3654
2744,5860
2744,7980
2744,8061
2744,9316
2744,9343
2744,9355
2744,9550
2744,9759
2962,1674
2962,2174
2962,3554
2962,5163
2962,7467
2962,7502
2962,9007
2962,9298
2962,9483
3369,284
3369,766
3369,2697
3369,5482
3369,7072
3369,8061
3369,8908
3369,11735
3654,8061
3654,9343
5317,11693
7077,4897
7467,7226
7467,9298
7467,9355
7467,10474
7467,11693
7684,344
7684,446
7684,2479
7684,2951
7684,3552
7684,4559
7684,5197
7684,5789
7684,6681
7684,10107
7684,10560
7684,10565
7684,10623
7684,11351
7684,11414
7684,12364
8061,6841
8061,8049
8061,8492
8061,9343
9343,9222
9771,4897
10855,341
10855,3340
11268,400
11268,2656
11268,3711
11268,5051
11268,9489
8,124
8,3888
8,4031
8,5667
8,10128
3888,859
3888,2224
3888,2524
3888,4083
3888,4207
3888,5540
3888,8376
3888,8686
3888,10730
3888,11567
4031,536
4031,859
4031,2224
4031,3547
4031,3903
4031,4083
4031,4207
4031,4674
4031,5382
4031,5540
4031,6883
4031,7358
4031,8376
4031,8944
4031,9902
4031,10730
4031,11395
4031,11567
5667,892
5667,10600
5667,10796
5667,11137
10128,2992
10128,6300
10128,9769
892,4623
2296,4623
2296,1179
9405,4623
9872,11
9872,147
9872,876
9872,1086
9872,1171
9872,2731
9872,3606
9872,4367
9872,6337
9872,7101
9872,9724
10647,1179
835,6481
835,6955
5507,4623
5901,3493
7946,3493
8813,6481
8813,6955
9673,8643
9673,7938
10196,5431
12053,1422
10,4623
4623,504
4623,788
4623,1055
4623,1056
4623,1144
4623,1526
4623,1801
4623,2380
4623,2394
4623,2730
4623,2990
4623,3696
4623,3955
4623,4114
4623,4420
4623,4870
4623,4954
4623,5278
4623,5660
4623,5963
4623,7137
4623,7166
4623,8169
4623,8571
4623,10154
4623,11176
4623,11591
4623,11788
1526,1755
12,4375
12,8190
4375,226
4375,744
4375,783
4375,784
4375,785
4375,1528
4375,4180
4375,4181
4375,4182
4375,4183
4375,4866
4375,7332
4375,10151
4375,10337
4375,12243
8190,226
8190,697
8190,744
8190,783
8190,784
8190,786
8190,1528
8190,4180
8190,4182
8190,4856
8190,5104
8190,5198
8190,8613
8190,8697
8190,10337
8190,12243
13,8643
8643,665
8643,795
8643,1690
8643,2551
8643,3889
8643,4008
8643,4468
8643,9577
8643,10692
8643,11289
5734,1179
8130,1179
9577,4394
9577,5431
9577,6022
6081,11588
11350,11588
11588,4834
11588,8647
11588,12264
6481,947
6481,1739
6481,2960
6481,3345
6481,4032
6481,4563
6481,5469
6481,5879
6481,7294
6481,8247
6481,8619
6481,9171
6481,9407
6481,10819
6481,11430
6955,947
6955,1739
6955,1331
6955,1556
6955,2548
6955,2829
6955,3182
6955,5400
6955,8247
6955,8544
6955,9171
6955,9885
8530,947
8530,160
8530,554
8530,3396
8530,6369
8530,6516
8530,6978
8530,11363
8530,12101
8530,12336
1755,3368
1755,5095
1755,5281
1755,5417
1755,6168
1755,6358
1755,8395
1755,9487
1755,10569
1755,11386
1755,11641
1755,11761
7359,1280
947,3065
947,3396
947,6299
1739,6299
1739,7824
1739,9885
1739,11807
4069,3396
4069,5431
4394,2868
4394,4968
4394,10720
4394,10861
5431,338
5431,634
5431,641
5431,668
5431,1842
5431,2180
5431,2405
5431,2765
5431,3964
5431,4930
5431,5460
5431,5766
5431,6202
5431,6722
5431,7068
5431,7380
5431,7627
5431,7938
5431,8285
5431,8565
5431,9231
5431,9593
5431,9667
5431,10023
5431,10229
5431,10433
5431,10617
5431,10931
5431,11837
5431,12013
5431,12176
5431,12449
5431,12508
5431,12554
6022,2815
6022,3964
6022,7634
6022,10103
6022,12288
6299,9885
6299,11704
6299,11807
7938,113
7938,420
7938,680
7938,1401
7938,2461
7938,4010
7938,5300
7938,6386
7938,7068
7938,7324
7938,8114
7938,8167
7938,9602
7938,10433
10452,73
10452,2418
10452,7482
10452,9669
12254,3396
5679,2462
442,2462
3493,848
3493,1314
3493,2820
3493,2973
3493,5446
3493,5485
3493,5876
3493,5949
3493,6505
3493,6566
3493,7920
3493,9538
3493,10131
3493,10425
3493,12009
3493,12235
1179,2852
1179,3353
1179,7754
1179,9389
1179,9497
1179,9620
1179,10132
1179,10801
1280,2044
1422,3328
1620,606
1620,2232
1620,3667
1620,4155
1620,4836
1620,6683
1620,6772
1620,6868
1620,7063
1620,11071
2462,4829
2462,5730